,param_id,drug_conc_Hill,drug_conc_Hill,drug_conc_Hill,drug_conc_Hill,drug_conc_Hill,drug_conc_Hill,drug_conc_Hill,drug_conc_Hill,drug_conc_Hill,drug_conc_Hill,drug_conc_Hill,peak_current,peak_current,peak_current,peak_current,peak_current,peak_current,peak_current,peak_current,peak_current,peak_current,peak_current,Hill_curve,Hill_curve,param_values,param_values,param_values,param_values,param_values,drug_conc_AP,drug_conc_AP,drug_conc_AP,drug_conc_AP,drug_conc_AP,drug_conc_AP,drug_conc_AP,drug_conc_AP,drug_conc_AP,drug_conc_AP,drug_conc_AP,drug_conc_AP,drug_conc_AP,drug_conc_AP,drug_conc_AP,drug_conc_AP,drug_conc_AP,drug_conc_AP,drug_conc_AP,drug_conc_AP,APD_trapping,APD_trapping,APD_trapping,APD_trapping,APD_trapping,APD_trapping,APD_trapping,APD_trapping,APD_trapping,APD_trapping,APD_trapping,APD_trapping,APD_trapping,APD_trapping,APD_trapping,APD_trapping,APD_trapping,APD_trapping,APD_trapping,APD_trapping,APD_conductance,APD_conductance,APD_conductance,APD_conductance,APD_conductance,APD_conductance,APD_conductance,APD_conductance,APD_conductance,APD_conductance,APD_conductance,APD_conductance,APD_conductance,APD_conductance,APD_conductance,APD_conductance,APD_conductance,APD_conductance,APD_conductance,APD_conductance,RMSE,MAE,drug_conc_AP,drug_conc_AP,drug_conc_AP,drug_conc_AP,drug_conc_AP,drug_conc_AP,drug_conc_AP,drug_conc_AP,drug_conc_AP,drug_conc_AP,APD_trapping,APD_trapping,APD_trapping,APD_trapping,APD_trapping,APD_trapping,APD_trapping,APD_trapping,APD_trapping,APD_trapping,APD_conductance,APD_conductance,APD_conductance,APD_conductance,APD_conductance,APD_conductance,APD_conductance,APD_conductance,APD_conductance,APD_conductance
,param_id,conc_0,conc_1,conc_2,conc_3,conc_4,conc_5,conc_6,conc_7,conc_8,conc_9,conc_10,conc_0,conc_1,conc_2,conc_3,conc_4,conc_5,conc_6,conc_7,conc_8,conc_9,conc_10,Hill_coef,IC50,Vhalf,Kmax,Ku,N,EC50,conc_0,conc_1,conc_2,conc_3,conc_4,conc_5,conc_6,conc_7,conc_8,conc_9,conc_10,conc_11,conc_12,conc_13,conc_14,conc_15,conc_16,conc_17,conc_18,conc_19,conc_0,conc_1,conc_2,conc_3,conc_4,conc_5,conc_6,conc_7,conc_8,conc_9,conc_10,conc_11,conc_12,conc_13,conc_14,conc_15,conc_16,conc_17,conc_18,conc_19,conc_0,conc_1,conc_2,conc_3,conc_4,conc_5,conc_6,conc_7,conc_8,conc_9,conc_10,conc_11,conc_12,conc_13,conc_14,conc_15,conc_16,conc_17,conc_18,conc_19,RMSE,MAE,conc_20,conc_21,conc_22,conc_23,conc_24,conc_25,conc_26,conc_27,conc_28,conc_29,conc_20,conc_21,conc_22,conc_23,conc_24,conc_25,conc_26,conc_27,conc_28,conc_29,conc_20,conc_21,conc_22,conc_23,conc_24,conc_25,conc_26,conc_27,conc_28,conc_29
0,21000.0,0.0,0.0009999999999999996,0.0031622776601683785,0.009999999999999998,0.03162277660168379,0.1,0.31622776601683794,1.0,3.1622776601683795,10.0,31.622776601683796,1.0,0.9846133083154306,0.9529013446235421,0.8647371978619103,0.6686371427101013,0.3884921337232666,0.16614677737827768,0.05791318387753956,0.01768929776391156,0.004303149913937565,0.0,1.0061261039467564,0.06246863844845651,-54.93,24.25499426638768,0.0386599999999999,1.0,1.0,0.001,0.001725210549942041,0.002976351441631319,0.005134832907437549,0.008858667904100823,0.015283067326587688,0.026366508987303583,0.04548777947003775,0.07847599703514611,0.13538761800225432,0.23357214690901212,0.40296113202003997,0.6951927961775606,1.1993539462092344,2.069138081114788,3.5696988468260624,6.158482110660261,10.624678308940409,18.32980710832434,31.622776601683793,279.3,281.3,284.8,290.70000000000005,300.5,316.3,340.8,376.6,423.8,478.9,535.1,586.2,628.7,661.7,685.4000000000001,701.3000000000001,711.5,1000.0,1000.0,1000.0,278.70000000000005,280.3,283.1,287.90000000000003,295.70000000000005,308.40000000000003,327.90000000000003,356.6,395.40000000000003,444.1,500.20000000000005,560.7,622.6,683.9000000000001,1000.0,1000.0,1000.0,1000.0,1000.0,1000.0,19.048547001205694,14.542857142857132,,,,,,,,,,,,,,,,,,,,,,,,,,,,,,
0,21001.0,0.0,0.0009999999999999996,0.0031622776601683785,0.009999999999999998,0.03162277660168379,0.1,0.31622776601683794,1.0,3.1622776601683795,10.0,31.622776601683796,1.0,0.9846111655737868,0.9529064837109494,0.8647773014084519,0.6687122002881543,0.38854375842682914,0.16617831023544816,0.05792619162257223,0.017704848796745266,0.0043037982208200785,0.0,1.0061547051370694,0.062480723975803724,-54.93,24.25499426638768,0.0542097384755702,1.0,1.0,0.001,0.001725210549942041,0.002976351441631319,0.005134832907437549,0.008858667904100823,0.015283067326587688,0.026366508987303583,0.04548777947003775,0.07847599703514611,0.13538761800225432,0.23357214690901212,0.40296113202003997,0.6951927961775606,1.1993539462092344,2.069138081114788,3.5696988468260624,6.158482110660261,10.624678308940409,18.32980710832434,31.622776601683793,279.3,281.3,284.90000000000003,290.8,300.6,316.5,341.1,376.8,423.90000000000003,479.0,535.2,586.2,628.7,661.6,685.4000000000001,701.3000000000001,711.5,1000.0,1000.0,1000.0,278.70000000000005,280.3,283.1,287.8,295.70000000000005,308.3,327.90000000000003,356.5,395.40000000000003,444.0,500.20000000000005,560.7,622.6,683.9000000000001,1000.0,1000.0,1000.0,1000.0,1000.0,1000.0,19.157579626426124,14.671428571428574,,,,,,,,,,,,,,,,,,,,,,,,,,,,,,
0,21002.0,0.0,0.0009999999999999996,0.0031622776601683785,0.009999999999999998,0.03162277660168379,0.1,0.31622776601683794,1.0,3.1622776601683795,10.0,31.622776601683796,1.0,0.9846238428883654,0.9529272475826165,0.8648013027647302,0.668765871894741,0.38855523288220095,0.1661917185993116,0.0579384606608493,0.017700001576768515,0.004323391267383167,0.0,1.0062134942236403,0.06247977711870419,-54.93,24.25499426638768,0.0760138578786789,1.0,1.0,0.001,0.001725210549942041,0.002976351441631319,0.005134832907437549,0.008858667904100823,0.015283067326587688,0.026366508987303583,0.04548777947003775,0.07847599703514611,0.13538761800225432,0.23357214690901212,0.40296113202003997,0.6951927961775606,1.1993539462092344,2.069138081114788,3.5696988468260624,6.158482110660261,10.624678308940409,18.32980710832434,31.622776601683793,279.3,281.40000000000003,284.90000000000003,290.90000000000003,300.70000000000005,316.70000000000005,341.3,376.90000000000003,424.0,479.0,535.2,586.2,628.7,661.6,685.3000000000001,701.3000000000001,711.5,1000.0,1000.0,1000.0,278.70000000000005,280.3,283.1,287.8,295.70000000000005,308.3,327.90000000000003,356.5,395.40000000000003,444.0,500.20000000000005,560.7,622.6,683.9000000000001,1000.0,1000.0,1000.0,1000.0,1000.0,1000.0,19.19525611037418,14.735714285714295,,,,,,,,,,,,,,,,,,,,,,,,,,,,,,
0,21003.0,0.0,0.0009999999999999996,0.0031622776601683785,0.009999999999999998,0.03162277660168379,0.1,0.31622776601683794,1.0,3.1622776601683795,10.0,31.622776601683796,1.0,0.9846188554404184,0.9529236323588749,0.8648081442030883,0.6687998604066604,0.3885871745457948,0.16620429294805333,0.05793548151933697,0.017706448177380464,0.004308373427565219,0.0,1.0062147076251649,0.06248707809294003,-54.93,24.25499426638768,0.09967,1.0,1.0,0.001,0.001725210549942041,0.002976351441631319,0.005134832907437549,0.008858667904100823,0.015283067326587688,0.026366508987303583,0.04548777947003775,0.07847599703514611,0.13538761800225432,0.23357214690901212,0.40296113202003997,0.6951927961775606,1.1993539462092344,2.069138081114788,3.5696988468260624,6.158482110660261,10.624678308940409,18.32980710832434,31.622776601683793,279.3,281.40000000000003,284.90000000000003,290.90000000000003,300.8,316.8,341.40000000000003,377.0,424.0,479.0,535.2,586.2,628.7,661.6,685.3000000000001,701.3000000000001,711.5,1000.0,1000.0,1000.0,278.70000000000005,280.3,283.1,287.8,295.70000000000005,308.3,327.90000000000003,356.5,395.40000000000003,444.0,500.20000000000005,560.6,622.5,683.9000000000001,1000.0,1000.0,1000.0,1000.0,1000.0,1000.0,19.22466793322728,14.778571428571436,,,,,,,,,,,,,,,,,,,,,,,,,,,,,,
0,21004.0,0.0,0.0009999999999999996,0.0031622776601683785,0.009999999999999998,0.03162277660168379,0.1,0.31622776601683794,1.0,3.1622776601683795,10.0,31.622776601683796,1.0,0.9846200551296862,0.952920749539352,0.86482506178092,0.6688434167966163,0.38860306824276164,0.16620820005232245,0.05791312567598907,0.017705420358480925,0.004315194171053834,0.0,1.006273806603735,0.06248326523935363,-54.93,24.25499426638768,0.1292205265306377,1.0,1.0,0.001,0.001725210549942041,0.002976351441631319,0.005134832907437549,0.008858667904100823,0.015283067326587688,0.026366508987303583,0.04548777947003775,0.07847599703514611,0.13538761800225432,0.23357214690901212,0.40296113202003997,0.6951927961775606,1.1993539462092344,2.069138081114788,3.5696988468260624,6.158482110660261,10.624678308940409,18.32980710832434,31.622776601683793,279.3,281.40000000000003,285.0,291.0,300.90000000000003,316.8,341.5,377.1,424.0,479.0,535.2,586.2,628.7,661.6,685.3000000000001,701.3000000000001,711.5,1000.0,1000.0,1000.0,278.70000000000005,280.3,283.1,287.8,295.70000000000005,308.3,327.90000000000003,356.5,395.40000000000003,444.0,500.20000000000005,560.6,622.5,683.9000000000001,1000.0,1000.0,1000.0,1000.0,1000.0,1000.0,19.24110183955171,14.814285714285717,,,,,,,,,,,,,,,,,,,,,,,,,,,,,,
0,21005.0,0.0,0.0009999999999999996,0.0031622776601683785,0.009999999999999998,0.03162277660168379,0.1,0.31622776601683794,1.0,3.1622776601683795,10.0,31.622776601683796,1.0,0.9846233231717991,0.9529286919236805,0.864847848919655,0.6688908527620246,0.38820115687134993,0.16630288077154803,0.05795422304453997,0.017716833193238073,0.004314250426002518,0.0,1.0064288180849847,0.062427832875291446,-54.93,24.25499426638768,0.1675323013630505,1.0,1.0,0.001,0.001725210549942041,0.002976351441631319,0.005134832907437549,0.008858667904100823,0.015283067326587688,0.026366508987303583,0.04548777947003775,0.07847599703514611,0.13538761800225432,0.23357214690901212,0.40296113202003997,0.6951927961775606,1.1993539462092344,2.069138081114788,3.5696988468260624,6.158482110660261,10.624678308940409,18.32980710832434,31.622776601683793,279.3,281.40000000000003,285.0,291.0,300.90000000000003,316.90000000000003,341.5,377.1,424.0,478.9,535.1,586.2,628.7,661.6,685.3000000000001,701.3000000000001,711.5,1000.0,1000.0,1000.0,278.70000000000005,280.3,283.1,287.8,295.70000000000005,308.3,327.90000000000003,356.5,395.40000000000003,444.1,500.20000000000005,560.7,622.6,684.0,1000.0,1000.0,1000.0,1000.0,1000.0,1000.0,19.201878628330675,14.792857142857132,,,,,,,,,,,,,,,,,,,,,,,,,,,,,,
0,21006.0,0.0,0.0009999999999999996,0.0031622776601683785,0.009999999999999998,0.03162277660168379,0.1,0.31622776601683794,1.0,3.1622776601683795,10.0,31.622776601683796,1.0,0.9846203719004214,0.9529310910577191,0.8648385989283423,0.6688629743276516,0.3886487761798487,0.1662040383369793,0.057943950199456085,0.017710887547850582,0.0042978333852946,0.0,1.0062675357611526,0.06249231953543245,-54.93,24.25499426638768,0.2172028914720866,1.0,1.0,0.001,0.001725210549942041,0.002976351441631319,0.005134832907437549,0.008858667904100823,0.015283067326587688,0.026366508987303583,0.04548777947003775,0.07847599703514611,0.13538761800225432,0.23357214690901212,0.40296113202003997,0.6951927961775606,1.1993539462092344,2.069138081114788,3.5696988468260624,6.158482110660261,10.624678308940409,18.32980710832434,31.622776601683793,,,,,,,,,,,,,,,,,,,,,,,,,,,,,,,,,,,,,,,,,,,,,,,,,,,,,,,,,,,,,,,,,,,,,,,,
0,21007.0,0.0,0.0009999999999999996,0.0031622776601683785,0.009999999999999998,0.03162277660168379,0.1,0.31622776601683794,1.0,3.1622776601683795,10.0,31.622776601683796,1.0,0.9846241345101344,0.9529306703389894,0.8648477013465597,0.6688731417438133,0.3886709874494407,0.16622068955239014,0.05792668602145378,0.017711728969192517,0.0043049660919905345,0.0,1.006267625076982,0.06249666461876628,-54.93,24.25499426638768,0.2816,1.0,1.0,0.001,0.001725210549942041,0.002976351441631319,0.005134832907437549,0.008858667904100823,0.015283067326587688,0.026366508987303583,0.04548777947003775,0.07847599703514611,0.13538761800225432,0.23357214690901212,0.40296113202003997,0.6951927961775606,1.1993539462092344,2.069138081114788,3.5696988468260624,6.158482110660261,10.624678308940409,18.32980710832434,31.622776601683793,279.3,281.40000000000003,285.0,291.0,301.0,317.0,341.6,377.20000000000005,424.0,478.9,535.1,586.2,628.7,661.6,685.3000000000001,701.3000000000001,711.5,1000.0,1000.0,1000.0,278.70000000000005,280.3,283.1,287.8,295.70000000000005,308.3,327.90000000000003,356.5,395.40000000000003,444.0,500.20000000000005,560.6,622.5,683.9000000000001,1000.0,1000.0,1000.0,1000.0,1000.0,1000.0,19.236219557312783,14.835714285714285,,,,,,,,,,,,,,,,,,,,,,,,,,,,,,
0,21008.0,0.0,0.0031622776601683785,0.009999999999999998,0.03162277660168379,0.1,0.31622776601683794,1.0,3.1622776601683795,10.0,31.622776601683796,100.00000000000001,1.0,0.971675429552213,0.9196277714378959,0.7957595321867982,0.5805612151493297,0.3398798994436603,0.1583669445635759,0.059659763160975425,0.018881860875518727,0.004610450797825627,0.0,0.8877330663878216,0.18277136205946848,-43.66250000000001,15.854809180042867,0.0007927,1.0,1.0,0.0031622776601683794,0.00545559478116852,0.00941204967268067,0.016237767391887217,0.02801356761198867,0.04832930238571752,0.08337822234717891,0.14384498882876623,0.24816289228368252,0.42813323987193913,0.7386199822079358,1.2742749857031335,2.1983926488622894,3.79269019073225,6.543189129712962,11.288378916846883,19.47483039908755,33.59818286283781,57.96393953384961,100.0,280.8,283.8,288.90000000000003,297.20000000000005,310.3,330.0,357.90000000000003,394.70000000000005,439.3,488.6,537.2,578.9000000000001,610.6,632.2,646.0,654.5,659.5,662.5,664.3000000000001,665.3000000000001,281.3,284.20000000000005,288.90000000000003,296.1,307.20000000000005,323.5,346.6,377.6,416.40000000000003,462.30000000000007,513.3000000000001,567.0,621.6,675.9000000000001,1000.0,1000.0,1000.0,1000.0,1000.0,1000.0,17.794842752084907,12.835714285714293,316.22776601683796,1000.0000000000001,3162.27766016838,10000.000000000002,31622.7766016838,100000.00000000003,316227.766016838,1000000.0000000003,3162277.6601683805,10000000.000000004,666.3000000000001,666.6,666.7,666.7,666.7,666.7,666.7,666.7,666.7,666.7,1000.0,1000.0,1000.0,1000.0,1000.0,1000.0,1000.0,1000.0,1000.0,1000.0
0,21009.0,0.0,0.0031622776601683785,0.009999999999999998,0.03162277660168379,0.1,0.31622776601683794,1.0,3.1622776601683795,10.0,31.622776601683796,100.00000000000001,1.0,0.9711186130443716,0.9182794112848932,0.793183001730176,0.5763233404305055,0.3338486340324492,0.1529090109696553,0.056912487806250564,0.017994585485745444,0.004414519851889285,0.0,0.8937465086782064,0.17648733310449893,-43.66250000000001,15.854809180042867,0.0010882288891639,1.0,1.0,0.0031622776601683794,0.00545559478116852,0.00941204967268067,0.016237767391887217,0.02801356761198867,0.04832930238571752,0.08337822234717891,0.14384498882876623,0.24816289228368252,0.42813323987193913,0.7386199822079358,1.2742749857031335,2.1983926488622894,3.79269019073225,6.543189129712962,11.288378916846883,19.47483039908755,33.59818286283781,57.96393953384961,100.0,280.90000000000003,284.0,289.3,297.8,311.40000000000003,331.70000000000005,360.70000000000005,399.1,446.1,498.0,548.4,590.3000000000001,621.0,641.4000000000001,654.3000000000001,662.2,666.9000000000001,669.7,671.3000000000001,672.3000000000001,281.3,284.20000000000005,289.0,296.3,307.6,324.20000000000005,347.8,379.20000000000005,418.8,465.4,516.9,571.1,626.1,680.6,1000.0,1000.0,1000.0,1000.0,1000.0,1000.0,19.57994600897269,14.385714285714291,316.22776601683796,1000.0000000000001,3162.27766016838,10000.000000000002,31622.7766016838,100000.00000000003,316227.766016838,1000000.0000000003,3162277.6601683805,10000000.000000004,673.2,673.5,673.6,673.6,673.6,673.6,673.6,673.6,673.6,673.6,1000.0,1000.0,1000.0,1000.0,1000.0,1000.0,1000.0,1000.0,1000.0,1000.0
0,21010.0,0.0,0.0031622776601683785,0.009999999999999998,0.03162277660168379,0.1,0.31622776601683794,1.0,3.1622776601683795,10.0,31.622776601683796,,1.0,0.9702547260342015,0.9158343242226209,0.7872475987540193,0.5660060568472502,0.32038629556424686,0.1411778684486631,0.048978638794747384,0.012544581111211657,0.0,,0.9103964654721659,0.16179846817782728,-43.66250000000001,15.854809180042867,0.0014939347990551,1.0,1.0,0.0031622776601683794,0.005134832907437549,0.008337822234717891,0.01353876180022544,0.021983926488622893,0.035696988468260644,0.05796393953384967,0.09412049672680665,0.15283067326587688,0.24816289228368252,0.40296113202003997,0.6543189129712969,1.062467830894041,1.7252105499420392,2.8013567611988672,4.548777947003778,7.386199822079358,11.99353946209233,19.47483039908755,31.622776601683793,281.1,283.90000000000003,288.3,295.20000000000005,305.70000000000005,321.1,342.90000000000003,372.3,409.70000000000005,454.1,502.20000000000005,548.3000000000001,587.3000000000001,617.0,638.1,652.4000000000001,661.8000000000001,667.8000000000001,671.6,674.0,281.20000000000005,283.8,287.8,293.70000000000005,302.6,315.3,333.1,356.90000000000003,387.5,424.5,467.1,513.8000000000001,562.7,612.5,662.1,1000.0,1000.0,1000.0,1000.0,1000.0,18.923776930975848,14.053333333333345,100.0,316.22776601683796,1000.0000000000001,3162.27766016838,10000.000000000002,31622.7766016838,100000.00000000003,316227.766016838,1000000.0000000003,3162277.6601683805,676.7,677.5,677.8000000000001,677.9000000000001,677.9000000000001,677.9000000000001,677.9000000000001,677.9000000000001,677.9000000000001,677.9000000000001,1000.0,1000.0,1000.0,1000.0,1000.0,1000.0,1000.0,1000.0,1000.0,1000.0
0,21011.0,0.0,0.0031622776601683785,0.009999999999999998,0.03162277660168379,0.1,0.31622776601683794,1.0,3.1622776601683795,10.0,31.622776601683796,,1.0,0.9694614623201794,0.9133127506387195,0.7808395639200667,0.554121899829088,0.30643057708803945,0.13145521065516463,0.04482962566966336,0.011389895333881402,0.0,,0.9212163337873167,0.14992914796223558,-43.66250000000001,15.854809180042867,0.0020508931586465,1.0,1.0,0.0031622776601683794,0.005134832907437549,0.008337822234717891,0.01353876180022544,0.021983926488622893,0.035696988468260644,0.05796393953384967,0.09412049672680665,0.15283067326587688,0.24816289228368252,0.40296113202003997,0.6543189129712969,1.062467830894041,1.7252105499420392,2.8013567611988672,4.548777947003778,7.386199822079358,11.99353946209233,19.47483039908755,31.622776601683793,281.3,284.20000000000005,288.8,296.1,307.0,323.1,346.0,376.8,416.1,462.5,511.6,557.2,594.6,622.8000000000001,642.8000000000001,656.3000000000001,665.3000000000001,671.0,674.7,676.9000000000001,281.3,284.0,288.1,294.20000000000005,303.40000000000003,316.70000000000005,335.20000000000005,360.1,391.8,430.1,473.9,521.6,571.3000000000001,621.7,671.8000000000001,1000.0,1000.0,1000.0,1000.0,1000.0,20.277392994827185,14.913333333333329,100.0,316.22776601683796,1000.0000000000001,3162.27766016838,10000.000000000002,31622.7766016838,100000.00000000003,316227.766016838,1000000.0000000003,3162277.6601683805,679.5,680.3000000000001,680.5,680.6,680.6,680.7,680.7,680.7,680.7,680.7,1000.0,1000.0,1000.0,1000.0,1000.0,1000.0,1000.0,1000.0,1000.0,1000.0
0,21012.0,0.0,0.0031622776601683785,0.009999999999999998,0.03162277660168379,0.1,0.31622776601683794,1.0,3.1622776601683795,10.0,31.622776601683796,,1.0,0.9687110426878437,0.9106369082974652,0.7734951770586994,0.5398515251040674,0.29001969761245194,0.12057480651916352,0.040266737532671834,0.010123940507989,0.0,,0.9352542554875546,0.13666093939324928,-43.66250000000001,15.854809180042867,0.0028154928520598,1.0,1.0,0.0031622776601683794,0.005134832907437549,0.008337822234717891,0.01353876180022544,0.021983926488622893,0.035696988468260644,0.05796393953384967,0.09412049672680665,0.15283067326587688,0.24816289228368252,0.40296113202003997,0.6543189129712969,1.062467830894041,1.7252105499420392,2.8013567611988672,4.548777947003778,7.386199822079358,11.99353946209233,19.47483039908755,31.622776601683793,281.5,284.6,289.40000000000003,297.0,308.40000000000003,325.40000000000003,349.3,381.70000000000005,422.70000000000005,470.5,519.6,563.9,599.8000000000001,626.7,645.9000000000001,658.9000000000001,667.5,673.1,676.6,678.8000000000001,281.3,284.1,288.3,294.8,304.40000000000003,318.3,337.8,363.90000000000003,397.1,437.0,482.20000000000005,531.1,581.9000000000001,633.1,683.7,1000.0,1000.0,1000.0,1000.0,1000.0,20.91930527845829,15.719999999999994,100.0,316.22776601683796,1000.0000000000001,3162.27766016838,10000.000000000002,31622.7766016838,100000.00000000003,316227.766016838,1000000.0000000003,3162277.6601683805,681.3000000000001,682.1,682.3000000000001,682.4000000000001,682.4000000000001,682.4000000000001,682.4000000000001,682.4000000000001,682.4000000000001,682.4000000000001,1000.0,1000.0,1000.0,1000.0,1000.0,1000.0,1000.0,1000.0,1000.0,1000.0
0,21013.0,0.0,0.0031622776601683785,0.009999999999999998,0.03162277660168379,0.1,0.31622776601683794,1.0,3.1622776601683795,10.0,31.622776601683796,,1.0,0.9680834227192596,0.9082137203470518,0.765999122703815,0.524837316314992,0.27289219113655144,0.10968962884913154,0.03591151087107725,0.008995175272903036,0.0,,0.9516636703476484,0.12356150257406431,-43.66250000000001,15.854809180042867,0.0038651452741845,1.0,1.0,0.0031622776601683794,0.005134832907437549,0.008337822234717891,0.01353876180022544,0.021983926488622893,0.035696988468260644,0.05796393953384967,0.09412049672680665,0.15283067326587688,0.24816289228368252,0.40296113202003997,0.6543189129712969,1.062467830894041,1.7252105499420392,2.8013567611988672,4.548777947003778,7.386199822079358,11.99353946209233,19.47483039908755,31.622776601683793,281.70000000000005,284.90000000000003,290.0,297.90000000000003,309.90000000000003,327.6,352.6,386.40000000000003,428.90000000000003,477.30000000000007,525.9,568.8000000000001,603.3000000000001,629.3000000000001,647.9000000000001,660.6,669.0,674.4000000000001,677.9000000000001,680.1,281.40000000000003,284.20000000000005,288.6,295.3,305.40000000000003,320.0,340.6,368.0,402.8,444.40000000000003,491.30000000000007,541.5,593.4000000000001,645.4000000000001,696.5,1000.0,1000.0,1000.0,1000.0,1000.0,21.59493767838502,16.2,100.0,316.22776601683796,1000.0000000000001,3162.27766016838,10000.000000000002,31622.7766016838,100000.00000000003,316227.766016838,1000000.0000000003,3162277.6601683805,682.5,683.2,683.5,683.6,683.6,683.6,683.6,683.6,683.6,683.6,1000.0,1000.0,1000.0,1000.0,1000.0,1000.0,1000.0,1000.0,1000.0,1000.0
0,21014.0,0.0,0.0031622776601683785,0.009999999999999998,0.03162277660168379,0.1,0.31622776601683794,1.0,3.1622776601683795,10.0,31.622776601683796,,1.0,0.9675972689831409,0.9061886926714593,0.7594078256827909,0.5107920695274046,0.25687942818791887,0.09968910038503442,0.03196949095284047,0.007900071493639816,0.0,,0.9693737035493805,0.11184367312473777,-43.66250000000001,15.854809180042867,0.005306121796623,1.0,1.0,0.0031622776601683794,0.005134832907437549,0.008337822234717891,0.01353876180022544,0.021983926488622893,0.035696988468260644,0.05796393953384967,0.09412049672680665,0.15283067326587688,0.24816289228368252,0.40296113202003997,0.6543189129712969,1.062467830894041,1.7252105499420392,2.8013567611988672,4.548777947003778,7.386199822079358,11.99353946209233,19.47483039908755,31.622776601683793,281.90000000000003,285.3,290.5,298.70000000000005,311.20000000000005,329.6,355.70000000000005,390.70000000000005,434.3,482.80000000000007,530.4,572.1,605.7,631.0,649.2,661.6,669.9000000000001,675.3000000000001,678.7,680.8000000000001,281.40000000000003,284.3,288.8,295.70000000000005,306.20000000000005,321.6,343.1,372.0,408.40000000000003,451.70000000000005,500.20000000000005,551.8000000000001,604.7,657.7,1000.0,1000.0,1000.0,1000.0,1000.0,1000.0,17.498224399717163,13.264285714285714,100.0,316.22776601683796,1000.0000000000001,3162.27766016838,10000.000000000002,31622.7766016838,100000.00000000003,316227.766016838,1000000.0000000003,3162277.6601683805,683.2,684.0,684.2,684.3000000000001,684.3000000000001,684.3000000000001,684.3000000000001,684.3000000000001,684.3000000000001,684.3000000000001,1000.0,1000.0,1000.0,1000.0,1000.0,1000.0,1000.0,1000.0,1000.0,1000.0
0,21015.0,0.0,0.0031622776601683785,0.009999999999999998,0.03162277660168379,0.1,0.31622776601683794,1.0,3.1622776601683795,10.0,31.622776601683796,,1.0,0.9672830544320892,0.9046449882587069,0.754069726665713,0.49928888562564533,0.24378316347647222,0.09196583267532978,0.028937985023345263,0.007129268962857277,0.0,,0.9848781473196562,0.10282077954448057,-43.66250000000001,15.854809180042867,0.007284313143065,1.0,1.0,0.0031622776601683794,0.005134832907437549,0.008337822234717891,0.01353876180022544,0.021983926488622893,0.035696988468260644,0.05796393953384967,0.09412049672680665,0.15283067326587688,0.24816289228368252,0.40296113202003997,0.6543189129712969,1.062467830894041,1.7252105499420392,2.8013567611988672,4.548777947003778,7.386199822079358,11.99353946209233,19.47483039908755,31.622776601683793,282.1,285.5,291.0,299.40000000000003,312.3,331.40000000000003,358.40000000000003,394.40000000000003,438.5,486.80000000000007,533.5,574.2,607.1,632.0,649.9000000000001,662.2,670.4000000000001,675.7,679.1,681.2,281.3,284.3,288.90000000000003,296.1,306.90000000000003,322.8,345.3,375.3,413.20000000000005,457.90000000000003,507.70000000000005,560.5,614.3000000000001,668.0,1000.0,1000.0,1000.0,1000.0,1000.0,1000.0,17.59340379639077,13.607142857142861,100.0,316.22776601683796,1000.0000000000001,3162.27766016838,10000.000000000002,31622.7766016838,100000.00000000003,316227.766016838,1000000.0000000003,3162277.6601683805,683.6,684.3000000000001,684.6,684.7,684.7,684.7,684.7,684.7,684.7,684.7,1000.0,1000.0,1000.0,1000.0,1000.0,1000.0,1000.0,1000.0,1000.0,1000.0
0,21016.0,0.0,0.0031622776601683785,0.009999999999999998,0.03162277660168379,0.1,0.31622776601683794,1.0,3.1622776601683795,10.0,31.622776601683796,,1.0,0.9671913759227827,0.903695839464976,0.7501395989712665,0.4908175728583931,0.23475570897940976,0.0867945848266364,0.027076779031046477,0.006630002316946947,0.0,,0.9959647396390736,0.09680044744461683,-43.66250000000001,15.854809180042867,0.01,1.0,1.0,0.0031622776601683794,0.005134832907437549,0.008337822234717891,0.01353876180022544,0.021983926488622893,0.035696988468260644,0.05796393953384967,0.09412049672680665,0.15283067326587688,0.24816289228368252,0.40296113202003997,0.6543189129712969,1.062467830894041,1.7252105499420392,2.8013567611988672,4.548777947003778,7.386199822079358,11.99353946209233,19.47483039908755,31.622776601683793,282.20000000000005,285.70000000000005,291.3,300.0,313.20000000000005,332.8,360.40000000000003,397.1,441.5,489.4,535.4,575.4000000000001,607.8000000000001,632.5,650.3000000000001,662.5,670.7,675.9000000000001,679.3000000000001,681.4000000000001,281.3,284.3,289.0,296.3,307.40000000000003,323.8,346.90000000000003,377.8,416.6,462.4,513.2,566.8000000000001,621.2,675.4000000000001,1000.0,1000.0,1000.0,1000.0,1000.0,1000.0,18.179482155126745,13.921428571428578,100.0,316.22776601683796,1000.0000000000001,3162.27766016838,10000.000000000002,31622.7766016838,100000.00000000003,316227.766016838,1000000.0000000003,3162277.6601683805,683.8000000000001,684.5,684.7,684.8000000000001,684.8000000000001,684.9000000000001,684.9000000000001,684.9000000000001,684.9000000000001,684.9000000000001,1000.0,1000.0,1000.0,1000.0,1000.0,1000.0,1000.0,1000.0,1000.0,1000.0
0,21017.0,0.0,0.0031622776601683785,0.009999999999999998,0.03162277660168379,0.1,0.31622776601683794,1.0,3.1622776601683795,10.0,31.622776601683796,,1.0,0.9671913759227827,0.903695839464976,0.7501395989712665,0.4908175728583931,0.23475570897940976,0.0867945848266364,0.027076779031046477,0.006630002316946947,0.0,,0.9959647393391,0.09680044755529335,-43.66250000000001,15.854809180042867,0.01,1.0,1.0,0.0031622776601683794,0.005134832907437549,0.008337822234717891,0.01353876180022544,0.021983926488622893,0.035696988468260644,0.05796393953384967,0.09412049672680665,0.15283067326587688,0.24816289228368252,0.40296113202003997,0.6543189129712969,1.062467830894041,1.7252105499420392,2.8013567611988672,4.548777947003778,7.386199822079358,11.99353946209233,19.47483039908755,31.622776601683793,282.20000000000005,285.70000000000005,291.3,300.0,313.20000000000005,332.8,360.40000000000003,397.1,441.5,489.4,535.4,575.4000000000001,607.8000000000001,632.5,650.3000000000001,662.5,670.7,675.9000000000001,679.3000000000001,681.4000000000001,281.3,284.3,289.0,296.3,307.40000000000003,323.8,346.90000000000003,377.8,416.6,462.4,513.2,566.8000000000001,621.2,675.4000000000001,1000.0,1000.0,1000.0,1000.0,1000.0,1000.0,18.179482155126745,13.921428571428578,100.0,316.22776601683796,1000.0000000000001,3162.27766016838,10000.000000000002,31622.7766016838,100000.00000000003,316227.766016838,1000000.0000000003,3162277.6601683805,683.8000000000001,684.5,684.7,684.8000000000001,684.8000000000001,684.9000000000001,684.9000000000001,684.9000000000001,684.9000000000001,684.9000000000001,1000.0,1000.0,1000.0,1000.0,1000.0,1000.0,1000.0,1000.0,1000.0,1000.0
0,21018.0,0.0,0.0031622776601683785,0.009999999999999998,0.03162277660168379,0.1,0.31622776601683794,1.0,3.1622776601683795,10.0,31.622776601683796,,1.0,0.9673933017394378,0.903567720928428,0.7476508997999225,0.48445603015108724,0.2281673930447501,0.08307431808061848,0.025916206616863984,0.006353029474064424,0.0,,1.0054984646361194,0.09235544052263246,-43.66250000000001,15.854809180042867,0.0140221775674004,1.0,1.0,0.0031622776601683794,0.005134832907437549,0.008337822234717891,0.01353876180022544,0.021983926488622893,0.035696988468260644,0.05796393953384967,0.09412049672680665,0.15283067326587688,0.24816289228368252,0.40296113202003997,0.6543189129712969,1.062467830894041,1.7252105499420392,2.8013567611988672,4.548777947003778,7.386199822079358,11.99353946209233,19.47483039908755,31.622776601683793,282.3,285.90000000000003,291.5,300.40000000000003,313.8,333.8,361.90000000000003,399.0,443.40000000000003,491.0,536.4,576.1,608.3000000000001,632.8000000000001,650.4000000000001,662.6,670.8000000000001,676.0,679.4000000000001,681.5,281.3,284.3,289.0,296.40000000000003,307.70000000000005,324.40000000000003,348.0,379.6,419.20000000000005,465.80000000000007,517.4,571.6,626.6,681.1,1000.0,1000.0,1000.0,1000.0,1000.0,1000.0,18.880564458874463,14.099999999999985,100.0,316.22776601683796,1000.0000000000001,3162.27766016838,10000.000000000002,31622.7766016838,100000.00000000003,316227.766016838,1000000.0000000003,3162277.6601683805,683.8000000000001,684.6,684.8000000000001,684.9000000000001,684.9000000000001,684.9000000000001,684.9000000000001,684.9000000000001,684.9000000000001,684.9000000000001,1000.0,1000.0,1000.0,1000.0,1000.0,1000.0,1000.0,1000.0,1000.0,1000.0
0,21019.0,0.0,0.0031622776601683785,0.009999999999999998,0.03162277660168379,0.1,0.31622776601683794,1.0,3.1622776601683795,10.0,31.622776601683796,,1.0,0.9673859202975567,0.9036181777845284,0.7476330661159877,0.48306806262172,0.22681824047876117,0.08313580800692892,0.02593886312664887,0.006369372324779068,0.0,,1.0071406958061264,0.09162924111195625,-43.66250000000001,15.854809180042867,0.0196621463731709,1.0,1.0,0.0031622776601683794,0.005134832907437549,0.008337822234717891,0.01353876180022544,0.021983926488622893,0.035696988468260644,0.05796393953384967,0.09412049672680665,0.15283067326587688,0.24816289228368252,0.40296113202003997,0.6543189129712969,1.062467830894041,1.7252105499420392,2.8013567611988672,4.548777947003778,7.386199822079358,11.99353946209233,19.47483039908755,31.622776601683793,282.3,286.0,291.70000000000005,300.6,314.3,334.40000000000003,362.90000000000003,400.1,444.5,491.80000000000007,537.0,576.4000000000001,608.4000000000001,632.9000000000001,650.5,662.7,670.8000000000001,676.0,679.4000000000001,681.5,281.3,284.3,289.0,296.40000000000003,307.8,324.5,348.20000000000005,379.90000000000003,419.6,466.4,518.1,572.4000000000001,627.5,682.1,1000.0,1000.0,1000.0,1000.0,1000.0,1000.0,19.304033627346225,14.457142857142852,100.0,316.22776601683796,1000.0000000000001,3162.27766016838,10000.000000000002,31622.7766016838,100000.00000000003,316227.766016838,1000000.0000000003,3162277.6601683805,683.8000000000001,684.6,684.8000000000001,684.9000000000001,684.9000000000001,684.9000000000001,684.9000000000001,684.9000000000001,684.9000000000001,684.9000000000001,1000.0,1000.0,1000.0,1000.0,1000.0,1000.0,1000.0,1000.0,1000.0,1000.0
0,21020.0,0.0,0.0031622776601683785,0.009999999999999998,0.03162277660168379,0.1,0.31622776601683794,1.0,3.1622776601683795,10.0,31.622776601683796,,1.0,0.9673785395741259,0.90365342191715,0.7477012247450564,0.4831531494402142,0.2268573035890207,0.08315307965364409,0.025947324253948634,0.006355202741100864,0.0,,1.007179589264608,0.09164964539585134,-43.66250000000001,15.854809180042867,0.0275706107800822,1.0,1.0,0.0031622776601683794,0.005134832907437549,0.008337822234717891,0.01353876180022544,0.021983926488622893,0.035696988468260644,0.05796393953384967,0.09412049672680665,0.15283067326587688,0.24816289228368252,0.40296113202003997,0.6543189129712969,1.062467830894041,1.7252105499420392,2.8013567611988672,4.548777947003778,7.386199822079358,11.99353946209233,19.47483039908755,31.622776601683793,282.40000000000003,286.0,291.8,300.8,314.5,334.90000000000003,363.40000000000003,400.70000000000005,445.0,492.1,537.2,576.6,608.5,632.9000000000001,650.5,662.7,670.8000000000001,676.0,679.4000000000001,681.5,281.3,284.3,289.0,296.40000000000003,307.70000000000005,324.5,348.20000000000005,379.8,419.6,466.30000000000007,518.0,572.4000000000001,627.5,682.1,1000.0,1000.0,1000.0,1000.0,1000.0,1000.0,19.516055661209517,14.72142857142856,100.0,316.22776601683796,1000.0000000000001,3162.27766016838,10000.000000000002,31622.7766016838,100000.00000000003,316227.766016838,1000000.0000000003,3162277.6601683805,683.8000000000001,684.6,684.8000000000001,684.9000000000001,684.9000000000001,684.9000000000001,684.9000000000001,684.9000000000001,684.9000000000001,684.9000000000001,1000.0,1000.0,1000.0,1000.0,1000.0,1000.0,1000.0,1000.0,1000.0,1000.0
0,21021.0,0.0,0.0031622776601683785,0.009999999999999998,0.03162277660168379,0.1,0.31622776601683794,1.0,3.1622776601683795,10.0,31.622776601683796,,1.0,0.9673982976637867,0.9036711944654522,0.7477079017437074,0.4829646061782354,0.22688291225723156,0.08316366127435677,0.02593893871680593,0.006355253248521612,0.0,,1.0071975863088767,0.09162110502634173,-43.66250000000001,15.854809180042867,0.0386599999999999,1.0,1.0,0.0031622776601683794,0.005134832907437549,0.008337822234717891,0.01353876180022544,0.021983926488622893,0.035696988468260644,0.05796393953384967,0.09412049672680665,0.15283067326587688,0.24816289228368252,0.40296113202003997,0.6543189129712969,1.062467830894041,1.7252105499420392,2.8013567611988672,4.548777947003778,7.386199822079358,11.99353946209233,19.47483039908755,31.622776601683793,282.40000000000003,286.1,291.90000000000003,300.90000000000003,314.8,335.20000000000005,363.70000000000005,401.0,445.20000000000005,492.30000000000007,537.3000000000001,576.6,608.6,632.9000000000001,650.5,662.7,670.8000000000001,676.0,679.4000000000001,681.5,281.3,284.3,289.0,296.40000000000003,307.70000000000005,324.5,348.20000000000005,379.90000000000003,419.6,466.4,518.1,572.4000000000001,627.5,682.1,1000.0,1000.0,1000.0,1000.0,1000.0,1000.0,19.5918532631733,14.835714285714289,100.0,316.22776601683796,1000.0000000000001,3162.27766016838,10000.000000000002,31622.7766016838,100000.00000000003,316227.766016838,1000000.0000000003,3162277.6601683805,683.8000000000001,684.5,684.8000000000001,684.9000000000001,684.9000000000001,684.9000000000001,684.9000000000001,684.9000000000001,684.9000000000001,684.9000000000001,1000.0,1000.0,1000.0,1000.0,1000.0,1000.0,1000.0,1000.0,1000.0,1000.0
0,21022.0,0.0,0.0031622776601683785,0.009999999999999998,0.03162277660168379,0.1,0.31622776601683794,1.0,3.1622776601683795,10.0,31.622776601683796,,1.0,0.9674036868390538,0.9036799259559909,0.7477540641702866,0.48297610678949865,0.22692351247894849,0.08318264075743115,0.025960733948712022,0.006362475529476152,0.0,,1.0071815327614067,0.09163844108126515,-43.66250000000001,15.854809180042867,0.0542097384755702,1.0,1.0,0.0031622776601683794,0.005134832907437549,0.008337822234717891,0.01353876180022544,0.021983926488622893,0.035696988468260644,0.05796393953384967,0.09412049672680665,0.15283067326587688,0.24816289228368252,0.40296113202003997,0.6543189129712969,1.062467830894041,1.7252105499420392,2.8013567611988672,4.548777947003778,7.386199822079358,11.99353946209233,19.47483039908755,31.622776601683793,282.5,286.1,292.0,301.1,314.90000000000003,335.40000000000003,363.90000000000003,401.1,445.3,492.30000000000007,537.3000000000001,576.6,608.6,632.9000000000001,650.5,662.7,670.8000000000001,676.0,679.3000000000001,681.4000000000001,281.3,284.3,289.0,296.40000000000003,307.70000000000005,324.5,348.20000000000005,379.90000000000003,419.6,466.4,518.1,572.4000000000001,627.5,682.1,1000.0,1000.0,1000.0,1000.0,1000.0,1000.0,19.635572675267564,14.914285714285711,100.0,316.22776601683796,1000.0000000000001,3162.27766016838,10000.000000000002,31622.7766016838,100000.00000000003,316227.766016838,1000000.0000000003,3162277.6601683805,683.8000000000001,684.5,684.8000000000001,684.8000000000001,684.9000000000001,684.9000000000001,684.9000000000001,684.9000000000001,684.9000000000001,684.9000000000001,1000.0,1000.0,1000.0,1000.0,1000.0,1000.0,1000.0,1000.0,1000.0,1000.0
0,21023.0,0.0,0.0031622776601683785,0.009999999999999998,0.03162277660168379,0.1,0.31622776601683794,1.0,3.1622776601683795,10.0,31.622776601683796,,1.0,0.967395945943778,0.9036896893067241,0.7477759350961926,0.4832380915658508,0.22693293503155257,0.0831995048431471,0.025956308747213486,0.006363189322623968,0.0,,1.0071639862398567,0.09168883485508891,-43.66250000000001,15.854809180042867,0.0760138578786789,1.0,1.0,0.0031622776601683794,0.005134832907437549,0.008337822234717891,0.01353876180022544,0.021983926488622893,0.035696988468260644,0.05796393953384967,0.09412049672680665,0.15283067326587688,0.24816289228368252,0.40296113202003997,0.6543189129712969,1.062467830894041,1.7252105499420392,2.8013567611988672,4.548777947003778,7.386199822079358,11.99353946209233,19.47483039908755,31.622776601683793,282.5,286.20000000000005,292.0,301.20000000000005,315.1,335.5,364.1,401.20000000000005,445.3,492.30000000000007,537.3000000000001,576.6,608.6,632.9000000000001,650.5,662.7,670.8000000000001,676.0,679.3000000000001,681.4000000000001,281.3,284.3,289.0,296.40000000000003,307.70000000000005,324.5,348.20000000000005,379.8,419.6,466.30000000000007,518.0,572.3000000000001,627.4000000000001,682.0,1000.0,1000.0,1000.0,1000.0,1000.0,1000.0,19.667485858644966,14.985714285714286,100.0,316.22776601683796,1000.0000000000001,3162.27766016838,10000.000000000002,31622.7766016838,100000.00000000003,316227.766016838,1000000.0000000003,3162277.6601683805,683.8000000000001,684.5,684.8000000000001,684.8000000000001,684.9000000000001,684.9000000000001,684.9000000000001,684.9000000000001,684.9000000000001,684.9000000000001,1000.0,1000.0,1000.0,1000.0,1000.0,1000.0,1000.0,1000.0,1000.0,1000.0
0,21024.0,0.0,0.0031622776601683785,0.009999999999999998,0.03162277660168379,0.1,0.31622776601683794,1.0,3.1622776601683795,10.0,31.622776601683796,,1.0,0.9674071793323665,0.903699938497925,0.7477900731839223,0.4832584692278085,0.22697061026991994,0.08322650977450709,0.02597330825364533,0.006361034251627022,0.0,,1.0071159894215853,0.09171080200073466,-43.66250000000001,15.854809180042867,0.09967,1.0,1.0,0.0031622776601683794,0.005134832907437549,0.008337822234717891,0.01353876180022544,0.021983926488622893,0.035696988468260644,0.05796393953384967,0.09412049672680665,0.15283067326587688,0.24816289228368252,0.40296113202003997,0.6543189129712969,1.062467830894041,1.7252105499420392,2.8013567611988672,4.548777947003778,7.386199822079358,11.99353946209233,19.47483039908755,31.622776601683793,282.5,286.20000000000005,292.1,301.20000000000005,315.20000000000005,335.6,364.1,401.20000000000005,445.3,492.30000000000007,537.3000000000001,576.6,608.5,632.9000000000001,650.5,662.7,670.7,676.0,679.3000000000001,681.4000000000001,281.3,284.3,289.0,296.40000000000003,307.70000000000005,324.5,348.1,379.8,419.6,466.30000000000007,518.0,572.3000000000001,627.4000000000001,682.0,1000.0,1000.0,1000.0,1000.0,1000.0,1000.0,19.68794047126311,15.021428571428581,100.0,316.22776601683796,1000.0000000000001,3162.27766016838,10000.000000000002,31622.7766016838,100000.00000000003,316227.766016838,1000000.0000000003,3162277.6601683805,683.8000000000001,684.5,684.7,684.8000000000001,684.8000000000001,684.8000000000001,684.8000000000001,684.8000000000001,684.9000000000001,684.9000000000001,1000.0,1000.0,1000.0,1000.0,1000.0,1000.0,1000.0,1000.0,1000.0,1000.0
0,21025.0,0.0,0.0031622776601683785,0.009999999999999998,0.03162277660168379,0.1,0.31622776601683794,1.0,3.1622776601683795,10.0,31.622776601683796,,1.0,0.9674060488177583,0.9037077952541558,0.7478032419041968,0.4832561373915991,0.22697938787038638,0.08319981054049033,0.025956978543327625,0.006362184921682576,0.0,,1.0071637094457921,0.09170147105632805,-43.66250000000001,15.854809180042867,0.1292205265306377,1.0,1.0,0.0031622776601683794,0.005134832907437549,0.008337822234717891,0.01353876180022544,0.021983926488622893,0.035696988468260644,0.05796393953384967,0.09412049672680665,0.15283067326587688,0.24816289228368252,0.40296113202003997,0.6543189129712969,1.062467830894041,1.7252105499420392,2.8013567611988672,4.548777947003778,7.386199822079358,11.99353946209233,19.47483039908755,31.622776601683793,282.5,286.20000000000005,292.1,301.3,315.20000000000005,335.70000000000005,364.20000000000005,401.20000000000005,445.20000000000005,492.20000000000005,537.3000000000001,576.6,608.5,632.9000000000001,650.5,662.6,670.7,676.0,679.3000000000001,681.4000000000001,281.3,284.3,289.0,296.40000000000003,307.70000000000005,324.5,348.1,379.8,419.6,466.30000000000007,518.0,572.3000000000001,627.4000000000001,682.0,1000.0,1000.0,1000.0,1000.0,1000.0,1000.0,19.680846381335186,15.02857142857144,100.0,316.22776601683796,1000.0000000000001,3162.27766016838,10000.000000000002,31622.7766016838,100000.00000000003,316227.766016838,1000000.0000000003,3162277.6601683805,683.7,684.5,684.7,684.8000000000001,684.8000000000001,684.8000000000001,684.8000000000001,684.8000000000001,684.8000000000001,684.8000000000001,1000.0,1000.0,1000.0,1000.0,1000.0,1000.0,1000.0,1000.0,1000.0,1000.0
0,21026.0,0.0,0.0031622776601683785,0.009999999999999998,0.03162277660168379,0.1,0.31622776601683794,1.0,3.1622776601683795,10.0,31.622776601683796,,1.0,0.9674093194727118,0.9036959729523866,0.7478103282585685,0.48328764915503486,0.22697044341098527,0.08318901252402776,0.025967958156493595,0.006364270351425251,0.0,,1.0071733947327153,0.09170333411919199,-43.66250000000001,15.854809180042867,0.1675323013630505,1.0,1.0,0.0031622776601683794,0.005134832907437549,0.008337822234717891,0.01353876180022544,0.021983926488622893,0.035696988468260644,0.05796393953384967,0.09412049672680665,0.15283067326587688,0.24816289228368252,0.40296113202003997,0.6543189129712969,1.062467830894041,1.7252105499420392,2.8013567611988672,4.548777947003778,7.386199822079358,11.99353946209233,19.47483039908755,31.622776601683793,282.5,286.3,292.20000000000005,301.3,315.3,335.70000000000005,364.20000000000005,401.20000000000005,445.20000000000005,492.20000000000005,537.3000000000001,576.6,608.5,632.9000000000001,650.5,662.6,670.7,676.0,679.3000000000001,681.4000000000001,281.3,284.3,289.0,296.40000000000003,307.70000000000005,324.5,348.1,379.8,419.5,466.30000000000007,518.0,572.3000000000001,627.4000000000001,682.0,1000.0,1000.0,1000.0,1000.0,1000.0,1000.0,19.694741865352213,15.057142857142866,100.0,316.22776601683796,1000.0000000000001,3162.27766016838,10000.000000000002,31622.7766016838,100000.00000000003,316227.766016838,1000000.0000000003,3162277.6601683805,683.7,684.5,684.7,684.8000000000001,684.8000000000001,684.8000000000001,684.8000000000001,684.8000000000001,684.8000000000001,684.8000000000001,1000.0,1000.0,1000.0,1000.0,1000.0,1000.0,1000.0,1000.0,1000.0,1000.0
0,21027.0,0.0,0.0031622776601683785,0.009999999999999998,0.03162277660168379,0.1,0.31622776601683794,1.0,3.1622776601683795,10.0,31.622776601683796,,1.0,0.9674150840638999,0.9037212759345452,0.747814490771706,0.48326758858284946,0.22697051618887443,0.08320000692830372,0.02595860518105984,0.0063395020201256844,0.0,,1.007209642069809,0.09169453250920825,-43.66250000000001,15.854809180042867,0.2172028914720866,1.0,1.0,0.0031622776601683794,0.005134832907437549,0.008337822234717891,0.01353876180022544,0.021983926488622893,0.035696988468260644,0.05796393953384967,0.09412049672680665,0.15283067326587688,0.24816289228368252,0.40296113202003997,0.6543189129712969,1.062467830894041,1.7252105499420392,2.8013567611988672,4.548777947003778,7.386199822079358,11.99353946209233,19.47483039908755,31.622776601683793,282.5,286.3,292.20000000000005,301.40000000000003,315.3,335.8,364.3,401.3,445.20000000000005,492.20000000000005,537.2,576.6,608.5,632.9000000000001,650.5,662.6,670.7,676.0,679.3000000000001,681.4000000000001,281.3,284.3,289.0,296.40000000000003,307.70000000000005,324.5,348.1,379.8,419.6,466.30000000000007,518.0,572.3000000000001,627.4000000000001,682.0,1000.0,1000.0,1000.0,1000.0,1000.0,1000.0,19.69796943849796,15.071428571428571,100.0,316.22776601683796,1000.0000000000001,3162.27766016838,10000.000000000002,31622.7766016838,100000.00000000003,316227.766016838,1000000.0000000003,3162277.6601683805,683.7,684.5,684.7,684.8000000000001,684.8000000000001,684.8000000000001,684.8000000000001,684.8000000000001,684.8000000000001,684.8000000000001,1000.0,1000.0,1000.0,1000.0,1000.0,1000.0,1000.0,1000.0,1000.0,1000.0
0,21028.0,0.0,0.0031622776601683785,0.009999999999999998,0.03162277660168379,0.1,0.31622776601683794,1.0,3.1622776601683795,10.0,31.622776601683796,,1.0,0.9675750342686789,0.9037066359290963,0.7478210544138182,0.48332431117663915,0.22699026839887215,0.08319032805522383,0.025927838147633366,0.00636054140007619,0.0,,1.0072874599782489,0.09169117709213527,-43.66250000000001,15.854809180042867,0.2816,1.0,1.0,0.0031622776601683794,0.005134832907437549,0.008337822234717891,0.01353876180022544,0.021983926488622893,0.035696988468260644,0.05796393953384967,0.09412049672680665,0.15283067326587688,0.24816289228368252,0.40296113202003997,0.6543189129712969,1.062467830894041,1.7252105499420392,2.8013567611988672,4.548777947003778,7.386199822079358,11.99353946209233,19.47483039908755,31.622776601683793,282.6,286.3,292.20000000000005,301.40000000000003,315.40000000000003,335.8,364.3,401.3,445.20000000000005,492.20000000000005,537.2,576.6,608.5,632.9000000000001,650.5,662.6,670.7,676.0,679.3000000000001,681.4000000000001,281.3,284.20000000000005,289.0,296.40000000000003,307.70000000000005,324.5,348.1,379.8,419.5,466.30000000000007,518.0,572.3000000000001,627.4000000000001,682.0,1000.0,1000.0,1000.0,1000.0,1000.0,1000.0,19.711236824280128,15.100000000000003,100.0,316.22776601683796,1000.0000000000001,3162.27766016838,10000.000000000002,31622.7766016838,100000.00000000003,316227.766016838,1000000.0000000003,3162277.6601683805,683.7,684.5,684.7,684.8000000000001,684.8000000000001,684.8000000000001,684.8000000000001,684.8000000000001,684.8000000000001,684.8000000000001,1000.0,1000.0,1000.0,1000.0,1000.0,1000.0,1000.0,1000.0,1000.0,1000.0
0,21029.0,0.0,0.0031622776601683785,0.009999999999999998,0.03162277660168379,0.1,0.31622776601683794,1.0,3.1622776601683795,10.0,31.622776601683796,100.00000000000001,1.0,0.9669968022470925,0.9075317231961436,0.7715108968924631,0.5505112148510817,0.31790984535801364,0.14696494859788642,0.05507377918927263,0.01748473490220688,0.00427609821205093,0.0,0.8738962428519422,0.16712262712572692,-43.66250000000001,19.61015822874998,0.0007927,1.0,1.0,0.0031622776601683794,0.00545559478116852,0.00941204967268067,0.016237767391887217,0.02801356761198867,0.04832930238571752,0.08337822234717891,0.14384498882876623,0.24816289228368252,0.42813323987193913,0.7386199822079358,1.2742749857031335,2.1983926488622894,3.79269019073225,6.543189129712962,11.288378916846883,19.47483039908755,33.59818286283781,57.96393953384961,100.0,281.8,285.5,291.70000000000005,301.8,317.3,340.40000000000003,372.5,414.1,463.80000000000007,517.6,569.1,611.8000000000001,643.0,663.7,676.6,684.5,689.2,692.0,693.6,694.5,282.1,285.5,290.8,299.0,311.3,329.1,353.8,386.20000000000005,426.20000000000005,472.6,523.5,576.7,630.5,683.7,1000.0,1000.0,1000.0,1000.0,1000.0,1000.0,24.79474310643863,18.835714285714293,316.22776601683796,1000.0000000000001,3162.27766016838,10000.000000000002,31622.7766016838,100000.00000000003,316227.766016838,1000000.0000000003,3162277.6601683805,10000000.000000004,695.4000000000001,695.7,695.8000000000001,695.8000000000001,695.8000000000001,695.8000000000001,695.8000000000001,695.8000000000001,695.8000000000001,695.8000000000001,1000.0,1000.0,1000.0,1000.0,1000.0,1000.0,1000.0,1000.0,1000.0,1000.0
0,21030.0,0.0,0.0031622776601683785,0.009999999999999998,0.03162277660168379,0.1,0.31622776601683794,1.0,3.1622776601683795,10.0,31.622776601683796,,1.0,0.9661214881266983,0.9053856110147157,0.7671129757231647,0.5428548375091481,0.3070814589621282,0.13669612141827234,0.047842589642779716,0.012280752421374969,0.0,,0.8897600104861152,0.15502719472232335,-43.66250000000001,19.61015822874998,0.0010882288891639,1.0,1.0,0.0031622776601683794,0.005134832907437549,0.008337822234717891,0.01353876180022544,0.021983926488622893,0.035696988468260644,0.05796393953384967,0.09412049672680665,0.15283067326587688,0.24816289228368252,0.40296113202003997,0.6543189129712969,1.062467830894041,1.7252105499420392,2.8013567611988672,4.548777947003778,7.386199822079358,11.99353946209233,19.47483039908755,31.622776601683793,281.90000000000003,285.3,290.5,298.5,310.6,328.1,352.5,384.70000000000005,424.90000000000003,471.80000000000007,522.0,569.7,609.7,639.9000000000001,661.2,675.4000000000001,684.7,690.7,694.4000000000001,696.8000000000001,282.0,285.0,289.40000000000003,296.0,305.6,319.3,338.0,362.70000000000005,393.8,431.1,473.4,519.4,567.4000000000001,616.0,664.5,1000.0,1000.0,1000.0,1000.0,1000.0,26.697552946540515,19.63333333333334,100.0,316.22776601683796,1000.0000000000001,3162.27766016838,10000.000000000002,31622.7766016838,100000.00000000003,316227.766016838,1000000.0000000003,3162277.6601683805,699.3000000000001,700.2,700.4000000000001,700.5,700.5,700.6,700.6,700.6,700.6,700.6,1000.0,1000.0,1000.0,1000.0,1000.0,1000.0,1000.0,1000.0,1000.0,1000.0
0,21031.0,0.0,0.0031622776601683785,0.009999999999999998,0.03162277660168379,0.1,0.31622776601683794,1.0,3.1622776601683795,10.0,31.622776601683796,,1.0,0.9651336002548427,0.9026573134637396,0.7610096309268213,0.5324424125497267,0.29469002040652315,0.1276828492832642,0.04394240738185457,0.01122407943589156,0.0,,0.8999223400363519,0.14460179554993904,-43.66250000000001,19.61015822874998,0.0014939347990551,1.0,1.0,0.0031622776601683794,0.005134832907437549,0.008337822234717891,0.01353876180022544,0.021983926488622893,0.035696988468260644,0.05796393953384967,0.09412049672680665,0.15283067326587688,0.24816289228368252,0.40296113202003997,0.6543189129712969,1.062467830894041,1.7252105499420392,2.8013567611988672,4.548777947003778,7.386199822079358,11.99353946209233,19.47483039908755,31.622776601683793,282.1,285.6,291.0,299.40000000000003,311.90000000000003,330.20000000000005,355.6,389.40000000000003,431.8,481.0,532.6,579.7,617.9000000000001,646.3000000000001,666.2,679.6,688.4000000000001,694.0,697.6,699.8000000000001,282.1,285.1,289.70000000000005,296.5,306.5,320.6,340.1,365.70000000000005,397.90000000000003,436.3,479.70000000000005,526.6,575.3000000000001,624.5,673.4000000000001,1000.0,1000.0,1000.0,1000.0,1000.0,28.332278411733856,21.006666666666675,100.0,316.22776601683796,1000.0000000000001,3162.27766016838,10000.000000000002,31622.7766016838,100000.00000000003,316227.766016838,1000000.0000000003,3162277.6601683805,702.2,703.0,703.3000000000001,703.4000000000001,703.4000000000001,703.4000000000001,703.4000000000001,703.4000000000001,703.4000000000001,703.4000000000001,1000.0,1000.0,1000.0,1000.0,1000.0,1000.0,1000.0,1000.0,1000.0,1000.0
0,21032.0,0.0,0.0009999999999999996,0.0031622776601683785,0.009999999999999998,0.03162277660168379,0.1,0.31622776601683794,1.0,3.1622776601683795,10.0,31.622776601683796,1.0,0.9878844129426837,0.9640271794816869,0.8992941538307433,0.7527795043609136,0.5182452323907851,0.2788267474186588,0.11729179653642892,0.039509544003771345,0.010003775537023779,0.0,0.9129610529091252,0.13208512225408692,-43.66250000000001,19.61015822874998,0.0020508931586465,1.0,1.0,0.001,0.001725210549942041,0.002976351441631319,0.005134832907437549,0.008858667904100823,0.015283067326587688,0.026366508987303583,0.04548777947003775,0.07847599703514611,0.13538761800225432,0.23357214690901212,0.40296113202003997,0.6951927961775606,1.1993539462092344,2.069138081114788,3.5696988468260624,6.158482110660261,10.624678308940409,18.32980710832434,31.622776601683793,278.3,279.70000000000005,282.0,286.0,292.6,303.20000000000005,319.90000000000003,344.90000000000003,380.5,427.40000000000003,483.70000000000005,541.8000000000001,592.5,631.2,658.5,676.5,688.0,695.0,699.2,701.7,278.40000000000003,279.8,281.90000000000003,285.3,290.8,299.40000000000003,312.6,331.90000000000003,358.90000000000003,394.3,437.90000000000003,487.9,542.1,598.1,654.2,1000.0,1000.0,1000.0,1000.0,1000.0,26.406779432562402,17.94,100.0,316.22776601683796,1000.0000000000001,3162.27766016838,10000.000000000002,31622.7766016838,100000.00000000003,316227.766016838,1000000.0000000003,3162277.6601683805,704.1,704.8000000000001,705.1,705.1,705.2,705.2,705.2,705.2,705.2,705.2,1000.0,1000.0,1000.0,1000.0,1000.0,1000.0,1000.0,1000.0,1000.0,1000.0
0,21033.0,0.0,0.0009999999999999996,0.0031622776601683785,0.009999999999999998,0.03162277660168379,0.1,0.31622776601683794,1.0,3.1622776601683795,10.0,31.622776601683796,1.0,0.98760492453023,0.9629535496013568,0.8956808685144725,0.743316308858716,0.5010659958333528,0.26094174842749873,0.10609673504590854,0.035063642235794765,0.008774392857284825,0.0,0.9283432599770147,0.11877424917489461,-43.66250000000001,19.61015822874998,0.0028154928520598,1.0,1.0,0.001,0.001725210549942041,0.002976351441631319,0.005134832907437549,0.008858667904100823,0.015283067326587688,0.026366508987303583,0.04548777947003775,0.07847599703514611,0.13538761800225432,0.23357214690901212,0.40296113202003997,0.6951927961775606,1.1993539462092344,2.069138081114788,3.5696988468260624,6.158482110660261,10.624678308940409,18.32980710832434,31.622776601683793,278.40000000000003,279.90000000000003,282.3,286.40000000000003,293.3,304.5,322.0,348.20000000000005,385.5,434.5,491.80000000000007,549.1,597.7,634.8000000000001,661.0,678.4000000000001,689.6,696.4000000000001,700.5,702.9000000000001,278.40000000000003,279.8,282.0,285.5,291.3,300.3,314.20000000000005,334.6,363.1,400.40000000000003,445.90000000000003,497.70000000000005,553.3000000000001,610.4000000000001,667.3000000000001,1000.0,1000.0,1000.0,1000.0,1000.0,24.88386357997219,17.186666666666667,100.0,316.22776601683796,1000.0000000000001,3162.27766016838,10000.000000000002,31622.7766016838,100000.00000000003,316227.766016838,1000000.0000000003,3162277.6601683805,705.3000000000001,706.0,706.2,706.3000000000001,706.3000000000001,706.3000000000001,706.3000000000001,706.3000000000001,706.3000000000001,706.3000000000001,1000.0,1000.0,1000.0,1000.0,1000.0,1000.0,1000.0,1000.0,1000.0,1000.0
0,21034.0,0.0,0.0009999999999999996,0.0031622776601683785,0.009999999999999998,0.03162277660168379,0.1,0.31622776601683794,1.0,3.1622776601683795,10.0,31.622776601683796,1.0,0.9873709520316561,0.9620154178716582,0.8922997827426712,0.7336999574086293,0.48362720279261556,0.24242275240398292,0.09500354159934878,0.030752339529539093,0.00761542672122127,0.0,0.9466270429876721,0.10585011168398675,-43.66250000000001,19.61015822874998,0.0038651452741845,1.0,1.0,0.001,0.001725210549942041,0.002976351441631319,0.005134832907437549,0.008858667904100823,0.015283067326587688,0.026366508987303583,0.04548777947003775,0.07847599703514611,0.13538761800225432,0.23357214690901212,0.40296113202003997,0.6951927961775606,1.1993539462092344,2.069138081114788,3.5696988468260624,6.158482110660261,10.624678308940409,18.32980710832434,31.622776601683793,278.5,280.0,282.6,286.90000000000003,294.1,305.70000000000005,324.0,351.5,390.40000000000003,440.90000000000003,498.6,554.5,601.3000000000001,637.1,662.6,679.7,690.6,697.3000000000001,701.3000000000001,703.7,278.40000000000003,279.8,282.0,285.70000000000005,291.70000000000005,301.20000000000005,315.90000000000003,337.5,367.70000000000005,407.0,454.6,508.4,565.5,623.8000000000001,681.5,1000.0,1000.0,1000.0,1000.0,1000.0,22.848661521702617,16.386666666666663,100.0,316.22776601683796,1000.0000000000001,3162.27766016838,10000.000000000002,31622.7766016838,100000.00000000003,316227.766016838,1000000.0000000003,3162277.6601683805,706.0,706.8000000000001,707.0,707.1,707.1,707.1,707.1,707.1,707.1,707.1,1000.0,1000.0,1000.0,1000.0,1000.0,1000.0,1000.0,1000.0,1000.0,1000.0
0,21035.0,0.0,0.0009999999999999996,0.0031622776601683785,0.009999999999999998,0.03162277660168379,0.1,0.31622776601683794,1.0,3.1622776601683795,10.0,31.622776601683796,1.0,0.9871991689258234,0.9612645825713211,0.8894156476640487,0.7250490859348226,0.4670316888297849,0.22529913808794033,0.08514053628113782,0.027056178647582196,0.0066482963205894375,0.0,0.965823307841264,0.094525092560258,-43.66250000000001,19.61015822874998,0.005306121796623,1.0,1.0,0.001,0.001725210549942041,0.002976351441631319,0.005134832907437549,0.008858667904100823,0.015283067326587688,0.026366508987303583,0.04548777947003775,0.07847599703514611,0.13538761800225432,0.23357214690901212,0.40296113202003997,0.6951927961775606,1.1993539462092344,2.069138081114788,3.5696988468260624,6.158482110660261,10.624678308940409,18.32980710832434,31.622776601683793,278.6,280.1,282.8,287.3,294.70000000000005,306.90000000000003,325.90000000000003,354.5,394.8,446.40000000000003,503.80000000000007,558.2,603.7,638.6,663.6,680.5,691.2,697.9000000000001,701.9000000000001,704.2,278.40000000000003,279.8,282.0,285.8,292.0,302.0,317.40000000000003,340.20000000000005,372.1,413.40000000000003,463.1,518.8000000000001,577.5,636.9000000000001,695.4000000000001,1000.0,1000.0,1000.0,1000.0,1000.0,21.330369585796376,15.246666666666673,100.0,316.22776601683796,1000.0000000000001,3162.27766016838,10000.000000000002,31622.7766016838,100000.00000000003,316227.766016838,1000000.0000000003,3162277.6601683805,706.5,707.2,707.4000000000001,707.5,707.5,707.5,707.5,707.5,707.5,707.5,1000.0,1000.0,1000.0,1000.0,1000.0,1000.0,1000.0,1000.0,1000.0,1000.0
0,21036.0,0.0,0.0009999999999999996,0.0031622776601683785,0.009999999999999998,0.03162277660168379,0.1,0.31622776601683794,1.0,3.1622776601683795,10.0,31.622776601683796,1.0,0.9871109357019765,0.9607352601865046,0.8871658936050574,0.718014042490392,0.4534344962240149,0.21127227109653915,0.07738285455299412,0.024065629277215828,0.00590099289496152,0.0,0.9831443942116755,0.0857706137597134,-43.66250000000001,19.61015822874998,0.007284313143065,1.0,1.0,0.001,0.001725210549942041,0.002976351441631319,0.005134832907437549,0.008858667904100823,0.015283067326587688,0.026366508987303583,0.04548777947003775,0.07847599703514611,0.13538761800225432,0.23357214690901212,0.40296113202003997,0.6951927961775606,1.1993539462092344,2.069138081114788,3.5696988468260624,6.158482110660261,10.624678308940409,18.32980710832434,31.622776601683793,278.6,280.3,283.0,287.6,295.3,307.8,327.6,357.1,398.5,450.70000000000005,507.4,560.6,605.2,639.5,664.2,680.9000000000001,691.5,698.1,702.1,704.5,278.3,279.70000000000005,282.0,285.90000000000003,292.3,302.5,318.6,342.5,375.8,418.90000000000003,470.5,527.7,587.7,648.2,1000.0,1000.0,1000.0,1000.0,1000.0,1000.0,18.299258376853885,13.285714285714286,100.0,316.22776601683796,1000.0000000000001,3162.27766016838,10000.000000000002,31622.7766016838,100000.00000000003,316227.766016838,1000000.0000000003,3162277.6601683805,706.7,707.4000000000001,707.7,707.7,707.8000000000001,707.8000000000001,707.8000000000001,707.8000000000001,707.8000000000001,707.8000000000001,1000.0,1000.0,1000.0,1000.0,1000.0,1000.0,1000.0,1000.0,1000.0,1000.0
0,21037.0,0.0,0.0009999999999999996,0.0031622776601683785,0.009999999999999998,0.03162277660168379,0.1,0.31622776601683794,1.0,3.1622776601683795,10.0,31.622776601683796,1.0,0.9871272288134332,0.9605091469247263,0.8857227129555038,0.7128853709895707,0.4436179059073992,0.20195443880624697,0.07227166516828151,0.022354979790052867,0.00545417057522949,0.0,0.9952588436967353,0.08010128379686371,-43.66250000000001,19.61015822874998,0.01,1.0,1.0,0.001,0.001725210549942041,0.002976351441631319,0.005134832907437549,0.008858667904100823,0.015283067326587688,0.026366508987303583,0.04548777947003775,0.07847599703514611,0.13538761800225432,0.23357214690901212,0.40296113202003997,0.6951927961775606,1.1993539462092344,2.069138081114788,3.5696988468260624,6.158482110660261,10.624678308940409,18.32980710832434,31.622776601683793,278.70000000000005,280.3,283.1,287.90000000000003,295.8,308.6,328.8,359.20000000000005,401.3,453.6,509.70000000000005,562.1,606.0,639.9000000000001,664.5,681.0,691.7,698.3000000000001,702.2,704.6,278.3,279.70000000000005,282.0,285.90000000000003,292.40000000000003,303.0,319.5,344.20000000000005,378.5,422.90000000000003,475.70000000000005,534.1,594.9000000000001,656.1,1000.0,1000.0,1000.0,1000.0,1000.0,1000.0,17.2132009142485,12.871428571428563,100.0,316.22776601683796,1000.0000000000001,3162.27766016838,10000.000000000002,31622.7766016838,100000.00000000003,316227.766016838,1000000.0000000003,3162277.6601683805,706.8000000000001,707.5,707.7,707.8000000000001,707.8000000000001,707.9000000000001,707.9000000000001,707.9000000000001,707.9000000000001,707.9000000000001,1000.0,1000.0,1000.0,1000.0,1000.0,1000.0,1000.0,1000.0,1000.0,1000.0
0,21038.0,0.0,0.0009999999999999996,0.0031622776601683785,0.009999999999999998,0.03162277660168379,0.1,0.31622776601683794,1.0,3.1622776601683795,10.0,31.622776601683796,1.0,0.9871272288134332,0.9605091469247263,0.8857227129555038,0.7128853709895707,0.4436179059073992,0.20195443880624697,0.07227166516828151,0.022354979790052867,0.00545417057522949,0.0,0.9952588436691631,0.08010128380520057,-43.66250000000001,19.61015822874998,0.01,1.0,1.0,0.001,0.001725210549942041,0.002976351441631319,0.005134832907437549,0.008858667904100823,0.015283067326587688,0.026366508987303583,0.04548777947003775,0.07847599703514611,0.13538761800225432,0.23357214690901212,0.40296113202003997,0.6951927961775606,1.1993539462092344,2.069138081114788,3.5696988468260624,6.158482110660261,10.624678308940409,18.32980710832434,31.622776601683793,278.70000000000005,280.3,283.1,287.90000000000003,295.8,308.6,328.8,359.20000000000005,401.3,453.6,509.70000000000005,562.1,606.0,639.9000000000001,664.5,681.0,691.7,698.3000000000001,702.2,704.6,278.3,279.70000000000005,282.0,285.90000000000003,292.40000000000003,303.0,319.5,344.20000000000005,378.5,422.90000000000003,475.70000000000005,534.1,594.9000000000001,656.1,1000.0,1000.0,1000.0,1000.0,1000.0,1000.0,17.2132009142485,12.871428571428563,100.0,316.22776601683796,1000.0000000000001,3162.27766016838,10000.000000000002,31622.7766016838,100000.00000000003,316227.766016838,1000000.0000000003,3162277.6601683805,706.8000000000001,707.5,707.7,707.8000000000001,707.8000000000001,707.9000000000001,707.9000000000001,707.9000000000001,707.9000000000001,707.9000000000001,1000.0,1000.0,1000.0,1000.0,1000.0,1000.0,1000.0,1000.0,1000.0,1000.0
0,21039.0,0.0,0.0009999999999999996,0.0031622776601683785,0.009999999999999998,0.03162277660168379,0.1,0.31622776601683794,1.0,3.1622776601683795,10.0,31.622776601683796,1.0,0.9872085354101366,0.9606614988007487,0.8853060791993247,0.7094965117803732,0.43645064459626626,0.19544378060680037,0.06939817286562294,0.021411885403388068,0.005231157570237896,0.0,1.0045981975967742,0.07622136955143073,-43.66250000000001,19.61015822874998,0.0140221775674004,1.0,1.0,0.001,0.001725210549942041,0.002976351441631319,0.005134832907437549,0.008858667904100823,0.015283067326587688,0.026366508987303583,0.04548777947003775,0.07847599703514611,0.13538761800225432,0.23357214690901212,0.40296113202003997,0.6951927961775606,1.1993539462092344,2.069138081114788,3.5696988468260624,6.158482110660261,10.624678308940409,18.32980710832434,31.622776601683793,278.70000000000005,280.40000000000003,283.20000000000005,288.0,296.1,309.20000000000005,329.8,360.70000000000005,403.3,455.5,511.1,562.9,606.4000000000001,640.2,664.6,681.1,691.7,698.3000000000001,702.2,704.6,278.3,279.6,282.0,285.90000000000003,292.5,303.20000000000005,320.1,345.3,380.40000000000003,425.70000000000005,479.4,538.6,600.2,661.8000000000001,1000.0,1000.0,1000.0,1000.0,1000.0,1000.0,16.689795855979956,12.550000000000008,100.0,316.22776601683796,1000.0000000000001,3162.27766016838,10000.000000000002,31622.7766016838,100000.00000000003,316227.766016838,1000000.0000000003,3162277.6601683805,706.8000000000001,707.5,707.8000000000001,707.8000000000001,707.9000000000001,707.9000000000001,707.9000000000001,707.9000000000001,707.9000000000001,707.9000000000001,1000.0,1000.0,1000.0,1000.0,1000.0,1000.0,1000.0,1000.0,1000.0,1000.0
