,drug_conc_Hill,drug_conc_Hill,drug_conc_Hill,drug_conc_Hill,drug_conc_Hill,drug_conc_Hill,drug_conc_Hill,drug_conc_Hill,drug_conc_Hill,drug_conc_Hill,drug_conc_Hill,drug_conc_Hill,drug_conc_Hill,drug_conc_Hill,peak_current,peak_current,peak_current,peak_current,peak_current,peak_current,peak_current,peak_current,peak_current,peak_current,peak_current,peak_current,peak_current,peak_current,Hill_curve,Hill_curve,param_values,param_values,param_values,param_values,param_values,drug_conc_AP,drug_conc_AP,drug_conc_AP,drug_conc_AP,drug_conc_AP,drug_conc_AP,drug_conc_AP,drug_conc_AP,drug_conc_AP,drug_conc_AP,drug_conc_AP,drug_conc_AP,drug_conc_AP,drug_conc_AP,drug_conc_AP,drug_conc_AP,drug_conc_AP,drug_conc_AP,drug_conc_AP,drug_conc_AP,APD_trapping,APD_trapping,APD_trapping,APD_trapping,APD_trapping,APD_trapping,APD_trapping,APD_trapping,APD_trapping,APD_trapping,APD_trapping,APD_trapping,APD_trapping,APD_trapping,APD_trapping,APD_trapping,APD_trapping,APD_trapping,APD_trapping,APD_trapping,APD_conductance,APD_conductance,APD_conductance,APD_conductance,APD_conductance,APD_conductance,APD_conductance,APD_conductance,APD_conductance,APD_conductance,APD_conductance,APD_conductance,APD_conductance,APD_conductance,APD_conductance,APD_conductance,APD_conductance,APD_conductance,APD_conductance,APD_conductance,RMSE,ME
,conc_0,conc_1,conc_2,conc_3,conc_4,conc_5,conc_6,conc_7,conc_8,conc_9,conc_10,conc_11,conc_12,conc_13,conc_0,conc_1,conc_2,conc_3,conc_4,conc_5,conc_6,conc_7,conc_8,conc_9,conc_10,conc_11,conc_12,conc_13,Hill_coef,IC50,Vhalf,Kmax,Ku,N,EC50,conc_0,conc_1,conc_2,conc_3,conc_4,conc_5,conc_6,conc_7,conc_8,conc_9,conc_10,conc_11,conc_12,conc_13,conc_14,conc_15,conc_16,conc_17,conc_18,conc_19,conc_0,conc_1,conc_2,conc_3,conc_4,conc_5,conc_6,conc_7,conc_8,conc_9,conc_10,conc_11,conc_12,conc_13,conc_14,conc_15,conc_16,conc_17,conc_18,conc_19,conc_0,conc_1,conc_2,conc_3,conc_4,conc_5,conc_6,conc_7,conc_8,conc_9,conc_10,conc_11,conc_12,conc_13,conc_14,conc_15,conc_16,conc_17,conc_18,conc_19,RMSE,ME
0,0.0,1.1359430134723382e-15,3.592167214727924e-15,1.1359430134723382e-14,3.5921672147279235e-14,1.1359430134723385e-13,3.592167214727924e-13,1.1359430134723385e-12,3.592167214727924e-12,1.1359430134723384e-11,3.592167214727925e-11,1.1359430134723388e-10,3.592167214727925e-10,1.1359430134723384e-09,1.0,0.9831568000373442,0.9650111833685944,0.9288566749674868,0.8606888539626804,0.7450575546203755,0.5801484275643678,0.3954261670548027,0.2373617518051306,0.1309097006201274,0.069777222795652,0.0360388125067802,0.0154365502428624,0.0,0.6457078308347861,1.2761062552932872e-08,-1.147,100000000.0,1.79e-05,0.65,548300000.0,1.1359430134723396e-15,2.350422947151909e-15,4.863349626678071e-15,1.0062941914334996e-14,2.0821616322996705e-14,4.30827992442738e-14,8.91442605573504e-14,1.8445178423203291e-13,3.816562108840662e-13,7.896993998342017e-13,1.6339971008304349e-12,3.3809656257594162e-12,6.995684727198904e-12,1.4475037672520384e-11,2.9950851673783126e-11,6.197244776004532e-11,1.2822955164020668e-10,2.6532464842302726e-10,5.489933339104788e-10,1.1359430134723395e-09,278.40000000000003,279.70000000000005,281.6,284.70000000000005,289.40000000000003,296.70000000000005,307.8,323.8,346.40000000000003,376.6,415.4,462.4,516.2,574.5,634.6,694.5,1000.0,1000.0,1000.0,1000.0,279.0,280.5,283.0,286.8,292.6,301.6,314.8,333.8,359.6,393.1,433.7000000000001,480.30000000000007,530.9,583.5,636.5,688.8000000000001,1000.0,1000.0,1000.0,1000.0,10.079682534683322,-7.237499999999994
0,0.0,3.638931441505516e-15,1.1507311604357211e-14,3.6389314415055165e-14,1.150731160435721e-13,3.6389314415055163e-13,1.150731160435721e-12,3.638931441505516e-12,1.1507311604357213e-11,3.638931441505516e-11,1.1507311604357211e-10,3.6389314415055166e-10,1.1507311604357211e-09,3.638931441505517e-09,1.0,0.984442207679113,0.9671301849233006,0.9311089278340168,0.8613816214882251,0.7407519208612411,0.5681338307394935,0.3778389701876015,0.2210978663203348,0.1203888622322029,0.0647133568727332,0.0343593619286497,0.0152491896272675,0.0,0.6637381799559137,1.5743557271059043e-08,-1.147,100000000.0,1.79e-05,0.6754,548300000.0,3.6389314415055086e-15,7.529451620184986e-15,1.557947507723621e-14,3.2236085166088234e-14,6.670091140321276e-14,1.3801339582945128e-13,2.855687730146867e-13,5.90881223021914e-13,1.2226148399703233e-12,2.529758923918661e-12,5.2344205255200746e-12,1.083073884192248e-11,2.2410294184430905e-11,4.63699931059913e-11,9.594591855663687e-11,1.985253538130756e-10,4.10776369641422e-10,8.499530292471514e-10,1.758670179974154e-09,3.638931441505524e-09,278.3,279.40000000000003,281.3,284.40000000000003,289.20000000000005,296.8,308.40000000000003,325.5,349.70000000000005,382.5,424.4,475.0,532.4,593.7,656.5,717.4000000000001,1000.0,1000.0,1000.0,1000.0,278.90000000000003,280.40000000000003,282.8,286.6,292.6,301.8,315.6,335.40000000000003,362.7000000000001,397.9,440.7000000000001,489.4,542.0,596.2,650.6,1000.0,1000.0,1000.0,1000.0,1000.0,8.971398999041348,-6.406666666666672
0,0.0,1.0713705830203581e-14,3.3879712604468504e-14,1.071370583020358e-13,3.3879712604468497e-13,1.0713705830203582e-12,3.3879712604468497e-12,1.071370583020358e-11,3.3879712604468506e-11,1.071370583020358e-10,3.387971260446851e-10,1.0713705830203583e-09,3.3879712604468513e-09,,1.0,0.9857217038964792,0.9685796897288244,0.9322479946630275,0.8599170690044309,0.7322936913916717,0.548984621297432,0.350927666259799,0.1939641674633334,0.0976373394279252,0.0462847749423368,0.0183692202580154,0.0,,0.7042427835075105,1.017006517102676e-08,-1.147,100000000.0,1.79e-05,0.7008000000000001,548300000.0,1.07137058302036e-14,2.0864760398893042e-14,4.063376700860415e-14,7.913357209686043e-14,1.5411128954603288e-13,3.001291226493661e-13,5.844963761423345e-13,1.1382967794253285e-12,2.2168136723135817e-12,4.3172070294685406e-12,8.407687469664866e-12,1.6373828752025668e-11,3.1887753792940286e-11,6.210085969253749e-11,1.2094037101496986e-10,2.35529321391926e-10,4.586893588119955e-10,8.932897468729855e-10,1.7396666317595227e-09,3.3879712604468567e-09,278.1,279.1,280.70000000000005,283.20000000000005,287.20000000000005,293.20000000000005,302.40000000000003,315.8,335.0,361.2000000000001,395.4,437.9,488.0,543.6,602.3000000000001,662.0,727.9000000000001,1000.0,1000.0,1000.0,278.5,279.8,281.8,284.90000000000003,289.70000000000005,297.20000000000005,308.40000000000003,324.6,347.3,377.3,414.9,459.0,508.1,560.0,612.9000000000001,665.7,1000.0,1000.0,1000.0,1000.0,11.660349480182829,-9.062499999999996
0,0.0,2.9248251553419866e-14,9.249109248636474e-14,2.924825155341987e-13,9.249109248636471e-13,2.924825155341987e-12,9.249109248636472e-12,2.9248251553419865e-11,9.249109248636472e-11,2.924825155341986e-10,9.249109248636475e-10,2.9248251553419872e-09,9.249109248636475e-09,,1.0,0.9869590583641502,0.9704552851421716,0.9343781051506282,0.8605610755464574,0.7277534678637478,0.5365038494628762,0.3341225420606118,0.1801170945928372,0.0899347572333137,0.0432530208938763,0.0177006380475583,0.0,,0.7228383279092014,1.2275113771786425e-08,-1.147,100000000.0,1.79e-05,0.7262000000000001,548300000.0,2.9248251553419815e-14,5.696047384726993e-14,1.1092955676272472e-13,2.1603343042000173e-13,4.2072144179626283e-13,8.193478724241795e-13,1.595666085331417e-12,3.107532638540528e-12,6.051867109520575e-12,1.1785908555572976e-11,2.2952857021893843e-11,4.470029976758879e-11,8.705307567621671e-11,1.6953438845132526e-10,3.301653461902582e-10,6.429914120711326e-10,1.2522148698155163e-09,2.438667221287265e-09,4.749263053438356e-09,9.249109248636497e-09,278.0,278.90000000000003,280.5,283.0,287.0,293.20000000000005,302.70000000000005,316.90000000000003,337.3,365.4,402.2000000000001,447.9,501.30000000000007,560.0,621.4000000000001,683.0,1000.0,1000.0,1000.0,1000.0,278.40000000000003,279.6,281.6,284.70000000000005,289.6,297.20000000000005,308.8,325.70000000000005,349.5,381.1,420.5,466.7000000000001,517.7,571.3000000000001,625.7,679.6,1000.0,1000.0,1000.0,1000.0,10.16279981107568,-7.4375000000000036
0,0.0,7.46071426249512e-14,2.3592850041187933e-13,7.460714262495121e-13,2.359285004118793e-12,7.460714262495122e-12,2.359285004118793e-11,7.460714262495123e-11,2.359285004118793e-10,7.460714262495123e-10,2.359285004118793e-09,7.460714262495124e-09,2.3592850041187943e-08,,1.0,0.9880978662954788,0.9719658592233834,0.9364335839130796,0.8611834845196936,0.7231937946007796,0.5240159544911854,0.3180860268442921,0.1676624391189707,0.0834366484394898,0.0410412929734965,0.0173706787007367,0.0,,0.740936255789673,1.4816187083787675e-08,-1.147,100000000.0,1.79e-05,0.7516,548300000.0,7.460714262495125e-14,1.45296144918146e-13,2.8296177799221485e-13,5.510632635822643e-13,1.0731863597432265e-12,2.090012234261356e-12,4.070263379425791e-12,7.926768899393414e-12,1.5437247992844912e-11,3.006377864893103e-11,5.854869903436407e-11,1.1402259837814602e-10,2.2205707650776758e-10,4.324523903905978e-10,8.42193695853688e-10,1.640157938993135e-09,3.194179768960826e-09,6.220610926470869e-09,1.2114534277173142e-08,2.3592850041187943e-08,277.8,278.8,280.3,282.8,286.8,293.1,303.0,318.0,339.70000000000005,369.8,409.3,458.2000000000001,514.9,576.7,640.5,703.6,1000.0,1000.0,1000.0,1000.0,278.3,279.5,281.40000000000003,284.5,289.5,297.3,309.20000000000005,326.8,351.70000000000005,384.8,426.1,474.30000000000007,527.2,582.4000000000001,638.2,693.1,1000.0,1000.0,1000.0,1000.0,9.204007279440852,-5.687500000000014
0,0.0,9.660462061960656e-13,3.054906336544235e-12,9.660462061960656e-12,3.054906336544233e-11,9.660462061960658e-11,3.0549063365442337e-10,9.660462061960655e-10,3.054906336544234e-09,9.66046206196066e-09,3.0549063365442354e-08,9.660462061960661e-08,3.054906336544236e-07,,1.0,0.9910473187518182,0.9770881404441982,0.9424326642862134,0.8630236442993235,0.7084238130874003,0.4854166691142828,0.2723962307069762,0.1366397283897227,0.0700159273180332,0.037751106635619,0.0174868549871995,0.0,,0.7952805867902982,2.6151917562105167e-08,-1.147,100000000.0,1.79e-05,0.8311,548300000.0,9.660462061960654e-13,1.8813586023350315e-12,3.663913970033925e-12,7.135410316325817e-12,1.389609057383448e-11,2.7062400713578656e-11,5.270356640890897e-11,1.0263930172405488e-10,1.9988829933567496e-10,3.8927907283243265e-10,7.581143921325667e-10,1.476414920988908e-09,2.875293018494132e-09,5.599584388285367e-09,1.0905095626723582e-08,2.1237488781627333e-08,4.1359649212471735e-08,8.054721537786428e-08,1.568643358602685e-07,3.054906336544234e-07,277.5,278.3,279.70000000000005,282.1,286.20000000000005,293.0,304.1,321.6,347.8,384.6,433.1,492.30000000000007,559.1,629.4000000000001,699.5,1000.0,1000.0,1000.0,1000.0,1000.0,278.0,279.1,280.90000000000003,284.0,289.1,297.40000000000003,310.5,330.3,358.70000000000005,396.7000000000001,443.8,497.9,556.2,615.9000000000001,675.4000000000001,1000.0,1000.0,1000.0,1000.0,1000.0,9.426558226627558,-1.706666666666668
0,0.0,1.3033810635623648e-11,4.121652819989769e-11,1.3033810635623646e-10,4.1216528199897687e-10,1.3033810635623642e-09,4.121652819989768e-09,1.3033810635623648e-08,4.1216528199897684e-08,1.303381063562365e-07,4.121652819989769e-07,,,,1.0,0.9793805301712428,0.9451361078899738,0.8617068108669242,0.6928046391300104,0.4503851082456664,0.2324837491313294,0.1060528542426424,0.0483308866884873,0.0199797714273017,0.0,,,,0.8644101449817638,1.7360699572272465e-08,-1.147,100000000.0,1.79e-05,0.8840749999999999,548300000.0,1.3033810635623651e-11,2.248606761452468e-11,3.8793201075288e-11,6.692643976110999e-11,1.1546219994592732e-10,1.9919660546623096e-10,3.436560852629837e-10,5.928791038474802e-10,1.0228412847978592e-09,1.7646165754495363e-09,3.0443351325681326e-09,5.2521190882657395e-09,9.061011260628016e-09,1.5632152219979134e-08,2.6968753928207872e-08,4.652677879573502e-08,8.026848963322162e-08,1.3848004514314744e-07,2.389072348374078e-07,4.1216528199897705e-07,278.90000000000003,280.40000000000003,282.90000000000003,286.8,292.90000000000003,302.20000000000005,316.1,336.1,363.6,399.8,444.7000000000001,497.5,555.7,616.7,678.2,1000.0,1000.0,1000.0,1000.0,1000.0,279.70000000000005,281.70000000000005,284.8,289.6,297.0,308.20000000000005,324.5,347.20000000000005,377.3,415.1,459.5,508.80000000000007,560.9,614.1,667.1,1000.0,1000.0,1000.0,1000.0,1000.0,8.891494062679605,-5.533333333333326
0,0.0,4.7195871678510734e-11,1.4924645066112802e-10,4.719587167851072e-10,1.4924645066112802e-09,4.719587167851073e-09,1.49246450661128e-08,4.7195871678510736e-08,1.49246450661128e-07,4.719587167851074e-07,1.4924645066112805e-06,,,,1.0,0.9818933456604534,0.9486164037578492,0.862775150772163,0.6821910670964068,0.4252385225618064,0.2090033665435127,0.0947219149888263,0.0455075730363246,0.0200460023239639,0.0,,,,0.9002583821080812,2.4250998447891563e-08,-1.147,100000000.0,1.79e-05,0.93705,548300000.0,4.7195871678510695e-11,8.142281573347735e-11,1.4047150070938176e-10,2.4234291499001704e-10,4.1809255364448415e-10,7.21297684399672e-10,1.2443903747750774e-09,2.1468354028082916e-09,3.703743085913947e-09,6.389736646093626e-09,1.1023641073191986e-08,1.90181018782452e-08,3.28102300002212e-08,5.66045549424065e-08,9.765477536141349e-08,1.6847504870573045e-07,2.906549314291251e-07,5.014409540942076e-07,8.650912241763287e-07,1.4924645066112788e-06,278.6,280.1,282.5,286.40000000000003,292.8,302.70000000000005,317.90000000000003,340.1,371.0,411.8,462.2000000000001,520.6,584.0,649.2,713.0,1000.0,1000.0,1000.0,1000.0,1000.0,279.5,281.40000000000003,284.5,289.40000000000003,297.1,308.90000000000003,326.20000000000005,350.70000000000005,383.4,424.1,471.80000000000007,524.2,579.0,634.4000000000001,689.1,1000.0,1000.0,1000.0,1000.0,1000.0,9.930088955627069,-2.0533333333333457
0,0.0,1.4891270350650908e-10,4.709033156139111e-10,1.4891270350650906e-09,4.709033156139111e-09,1.4891270350650909e-08,4.709033156139111e-08,1.489127035065091e-07,4.7090331561391124e-07,1.489127035065091e-06,4.709033156139113e-06,,,,1.0,0.9840511758282472,0.9518593285836104,0.8637739969310667,0.671344246179812,0.4007837681799653,0.1886960118594804,0.0864384192961172,0.0440663584479173,0.0202046656770239,0.0,,,,0.9350890452667008,3.3332778366341134e-08,-1.147,100000000.0,1.79e-05,0.990025,548300000.0,1.4891270350650918e-10,2.5690576710982047e-10,4.4321653975881485e-10,7.646418503007159e-10,1.3191681870659963e-09,2.27584287347417e-09,3.926308135328044e-09,6.7737082173911965e-09,1.16860728788724e-08,2.016093621802224e-08,3.4781859860040526e-08,6.000603157714745e-08,1.0352303873705015e-07,1.7859903859121764e-07,3.081209455870741e-07,5.315735059849372e-07,9.170762205948914e-07,1.5821495708712823e-06,2.7295411312534065e-06,4.709033156139115e-06,278.40000000000003,279.8,282.1,286.1,292.70000000000005,303.3,319.8,344.40000000000003,378.9,424.5,480.6,544.5,612.6,681.4000000000001,1000.0,1000.0,1000.0,1000.0,1000.0,1000.0,279.3,281.20000000000005,284.20000000000005,289.20000000000005,297.20000000000005,309.6,328.0,354.40000000000003,389.5,433.3,484.0,539.3000000000001,596.6,654.1,1000.0,1000.0,1000.0,1000.0,1000.0,1000.0,10.259699243712204,-0.7714285714285722
0,0.0,4.1808757573351156e-10,1.3221090007360392e-09,4.1808757573351155e-09,1.322109000736039e-08,4.180875757335116e-08,1.322109000736039e-07,4.180875757335116e-07,1.322109000736039e-06,4.180875757335116e-06,1.3221090007360392e-05,,,,1.0,0.9859434217303452,0.9548483448180428,0.8646458179574373,0.6600952458427538,0.377051982094884,0.1710867534598636,0.0801623768980955,0.0430462369245717,0.0198007076498023,0.0,,,,0.9698764064608408,4.43758146655359e-08,-1.147,100000000.0,1.79e-05,1.043,548300000.0,4.180875757335119e-10,7.212890964551458e-10,1.2443755587625786e-09,2.146809842067229e-09,3.703698988253787e-09,6.3896605683450915e-09,1.1023509823057596e-08,1.9017875444128705e-08,3.280983935369448e-08,5.6603880994897335e-08,9.765361266006057e-08,1.6847304280108998e-07,2.906514708212777e-07,5.014349838170401e-07,8.650809241911732e-07,1.4924467369682214e-06,2.5747848558441472e-06,4.442045997133324e-06,7.663464617582215e-06,1.32210900073604e-05,278.1,279.5,281.8,285.8,292.6,303.8,321.8,348.8,387.2000000000001,437.9,499.7000000000001,568.9000000000001,641.3000000000001,712.6,1000.0,1000.0,1000.0,1000.0,1000.0,1000.0,279.1,280.90000000000003,284.0,289.0,297.3,310.20000000000005,329.90000000000003,358.1,395.8,442.6,496.5,554.6,614.2,673.5,1000.0,1000.0,1000.0,1000.0,1000.0,1000.0,14.160281474200003,2.4357142857142957
0,0.0,3.578206783127539e-09,1.1315283373747178e-08,3.5782067831275395e-08,1.1315283373747181e-07,3.578206783127539e-07,1.1315283373747175e-06,3.578206783127539e-06,1.131528337374718e-05,3.57820678312754e-05,0.0001131528337374,,,,1.0,0.9896609839257094,0.9613035250397572,0.8660591124178215,0.6300212913438205,0.3205455721984482,0.1356405616869579,0.0680540959549783,0.038184205857805,0.0147891947339181,0.0,,,,1.062944729934849,7.117185816074402e-08,-1.147,100000000.0,1.79e-05,1.1736,548300000.0,3.578206783127538e-09,6.173160092125795e-09,1.0650000917416612e-08,1.8373493939619535e-08,3.169814558392781e-08,5.4685975174990925e-08,9.434482130576279e-08,1.6276468104909876e-07,2.8080334490385624e-07,4.84444893087147e-07,8.35769440419489e-07,1.4418782559308571e-06,2.487543578863947e-06,4.291536425696668e-06,7.403803917072441e-06,1.2773120627435567e-05,2.203632246213412e-05,3.8017295993598594e-05,6.558784012842551e-05,0.0001131528337374,277.70000000000005,278.8,281.0,285.0,292.3,305.20000000000005,326.90000000000003,360.8,409.7000000000001,473.7000000000001,549.3000000000001,630.3000000000001,710.8000000000001,1000.0,1000.0,1000.0,1000.0,1000.0,1000.0,1000.0,278.6,280.3,283.3,288.5,297.3,311.90000000000003,334.70000000000005,368.1,413.0,468.0,529.9,594.9000000000001,660.2,1000.0,1000.0,1000.0,1000.0,1000.0,1000.0,1000.0,18.47634662522288,5.600000000000014
0,0.0,8.822217899748111e-09,2.7898302577511047e-08,8.82221789974811e-08,2.789830257751105e-07,8.82221789974811e-07,2.7898302577511047e-06,8.82221789974811e-06,2.789830257751105e-05,8.822217899748111e-05,0.0002789830257751,,,,1.0,0.9911085211909748,0.9640855711805524,0.8663912406416736,0.6137052904828852,0.2935915632977246,0.1209786682712121,0.06229084223251,0.0337470737606059,0.0108794890487853,0.0,,,,1.1149208374608397,7.956433613589542e-08,-1.147,100000000.0,1.79e-05,1.2388,548300000.0,8.822217899748105e-09,1.5220183394532927e-08,2.62580209643009e-08,4.5300614788211154e-08,7.815309855148238e-08,1.3483055013167734e-07,2.326110875416587e-07,4.013031022603616e-07,6.923323457440448e-07,1.194419066943748e-06,2.0606243753432807e-06,3.555010911809952e-06,6.13314233021361e-06,1.0580961852380643e-05,1.8254387016261346e-05,3.149266106317905e-05,5.4331471111945386e-05,9.37332271561995e-05,0.0001617095523699,0.0002789830257751,277.5,278.6,280.70000000000005,284.70000000000005,292.20000000000005,306.0,329.70000000000005,367.3,421.9,492.9,575.0,661.1,1000.0,1000.0,1000.0,1000.0,1000.0,1000.0,1000.0,1000.0,278.40000000000003,280.0,282.90000000000003,288.1,297.3,312.70000000000005,337.40000000000003,373.8,422.8,482.4,548.5,617.0,685.0,1000.0,1000.0,1000.0,1000.0,1000.0,1000.0,1000.0,15.67835556853248,3.858333333333339
0,0.0,1.9874622628467076e-08,6.284907514227839e-08,1.9874622628467072e-07,6.284907514227839e-07,1.9874622628467074e-06,6.284907514227839e-06,1.987462262846708e-05,6.28490751422784e-05,0.0001987462262846,,,,,1.0,0.9922930735292456,0.9663933579006284,0.8655955800325639,0.5938821688664447,0.2626297124667385,0.1017472569101988,0.0497061471871217,0.0213209842384529,0.0,,,,,1.1916186882518482,6.076523503530578e-08,-1.147,100000000.0,1.79e-05,1.304,548300000.0,1.9874622628467076e-08,3.2271949924258635e-08,5.2402441615274377e-08,8.508986577157773e-08,1.3816694478057845e-07,2.243522710594757e-07,3.642979991305402e-07,5.915386171211641e-07,9.60526646813209e-07,1.559680826466229e-06,2.5325734465745028e-06,4.112333852834694e-06,6.6775120540113095e-06,1.0842788748955862e-05,1.7606268158491737e-05,2.858864869967792e-05,4.642158276337488e-05,7.537828628749219e-05,0.0001223975079135,0.0001987462262846,277.40000000000003,278.20000000000005,279.8,282.70000000000005,288.0,297.5,313.8,340.3,380.0,434.8,503.4,581.0,661.6,1000.0,1000.0,1000.0,1000.0,1000.0,1000.0,1000.0,278.0,279.3,281.5,285.40000000000003,292.0,303.20000000000005,321.20000000000005,348.5,387.0,436.6,495.0,558.4,623.6,688.1,1000.0,1000.0,1000.0,1000.0,1000.0,1000.0,13.18448972204724,2.2153846153846164
0,0.0,4.144074128779813e-08,1.310471303952214e-07,4.144074128779812e-07,1.310471303952214e-06,4.1440741287798124e-06,1.310471303952214e-05,4.144074128779813e-05,0.0001310471303952,0.0004144074128779,,,,,1.0,0.9933787529027176,0.9688726225878828,0.8660591174986928,0.5775884668095506,0.2406640436910213,0.0932028310441805,0.0467735778830865,0.018369160585656,0.0,,,,,1.239759810740908,7.151095247196122e-08,-1.147,100000000.0,1.79e-05,1.3692000000000002,548300000.0,4.1440741287798105e-08,6.72905117578642e-08,1.0926476776052526e-07,1.7742158830239857e-07,2.880930481153525e-07,4.677987902516863e-07,7.596007942313116e-07,1.233422100742084e-06,2.0028021167862835e-06,3.2521034904354998e-06,5.280690001203624e-06,8.574661590820903e-06,1.3923336037589936e-05,2.2608389189746597e-05,3.671097647683625e-05,5.961042967599112e-05,9.679402912091944e-05,0.0001571718929789,0.0002552120638734,0.0004144074128779,277.20000000000005,278.0,279.5,282.40000000000003,287.70000000000005,297.70000000000005,315.20000000000005,344.0,387.9,448.4,523.2,606.1,690.5,1000.0,1000.0,1000.0,1000.0,1000.0,1000.0,1000.0,277.90000000000003,279.1,281.20000000000005,285.1,291.90000000000003,303.5,322.5,351.90000000000003,393.3,446.6,508.7000000000001,575.4000000000001,643.2,1000.0,1000.0,1000.0,1000.0,1000.0,1000.0,1000.0,16.643987133265483,4.423076923076919
0,0.0,8.08247642511438e-08,2.555903463797679e-07,8.082476425114378e-07,2.555903463797679e-06,8.082476425114378e-06,2.5559034637976783e-05,8.082476425114379e-05,0.0002555903463797,0.0008082476425114,,,,,1.0,0.9943073316146788,0.9711065005314098,0.8663530979562208,0.560677881945034,0.2199935828742217,0.0854098943570633,0.0430817234846508,0.0147033586607012,0.0,,,,,1.2907609309980712,7.972184706077242e-08,-1.147,100000000.0,1.79e-05,1.4344,548300000.0,8.082476425114372e-08,1.3124137214141925e-07,2.131066873024472e-07,3.460376818072789e-07,5.618879386014473e-07,9.123805647317304e-07,1.481502338299256e-06,2.405629035984031e-06,3.906204471747856e-06,6.342803959739135e-06,1.029929753105852e-05,1.672375976091668e-05,2.715565209155683e-05,4.409471620377152e-05,7.159997449281232e-05,0.0001162623731079,0.0001887841370955,0.0003065432905435,0.000497757864739,0.0008082476425114,277.1,277.8,279.20000000000005,282.0,287.5,297.8,316.5,347.90000000000003,396.1,462.5,543.4,631.3000000000001,718.3000000000001,1000.0,1000.0,1000.0,1000.0,1000.0,1000.0,1000.0,277.70000000000005,278.8,280.90000000000003,284.70000000000005,291.6,303.70000000000005,323.90000000000003,355.40000000000003,400.2000000000001,457.3,523.3000000000001,593.3000000000001,663.7,1000.0,1000.0,1000.0,1000.0,1000.0,1000.0,1000.0,19.70394337728833,6.376923076923058
0,0.0,4.348528268408413e-13,1.375125379779861e-12,4.348528268408413e-12,1.375125379779861e-11,4.3485282684084125e-11,1.375125379779861e-10,4.3485282684084126e-10,1.375125379779861e-09,4.348528268408413e-09,1.3751253797798613e-08,4.3485282684084136e-08,1.3751253797798613e-07,,1.0,0.9901560854705288,0.9756392155766536,0.9405053693310474,0.8624296196065059,0.713392235634551,0.498224279367932,0.2868353135787585,0.1457201678087074,0.0735359544355454,0.03837048465339,0.0173369492827544,0.0,,0.7775885671937808,2.1679485286337497e-08,-1.147,100000000.0,1.79e-05,0.804575,548300000.0,4.348528268408405e-13,8.468685051289147e-13,1.6492620507714468e-12,3.2119098722425217e-12,6.255140001907827e-12,1.2181779065970298e-11,2.3723808126892745e-11,4.6201713969173066e-11,8.997705436967985e-11,1.7522878736590004e-10,3.4125509149886747e-10,6.645885029765541e-10,1.2942748380651923e-09,2.52057829611261e-09,4.9087834824414115e-09,9.559772578638916e-09,1.861749496228409e-08,3.6257255684635e-08,7.061039051946203e-08,1.375125379779861e-07,277.6,278.40000000000003,279.90000000000003,282.3,286.40000000000003,293.0,303.70000000000005,320.40000000000003,345.0,379.5,424.9,480.6,544.1,611.7,680.1,1000.0,1000.0,1000.0,1000.0,1000.0,278.1,279.20000000000005,281.1,284.20000000000005,289.20000000000005,297.3,310.0,329.1,356.3,392.7000000000001,437.9,490.1,546.7,605.0,663.3000000000001,1000.0,1000.0,1000.0,1000.0,1000.0,8.337545602074192,-3.506666666666672
0,0.0,1.3008368843544642e-09,4.113607418917159e-09,1.300836884354464e-08,4.1136074189171596e-08,1.300836884354464e-07,4.1136074189171593e-07,1.300836884354464e-06,4.11360741891716e-06,1.3008368843544643e-05,4.1136074189171605e-05,,,,1.0,0.9879529971519013,0.9582317553620702,0.8654948632268449,0.6455161721184224,0.3484674607138053,0.15224572865883174,0.0738911509432984,0.04127888093311554,0.018003411645946755,0.0,,,,1.0145409853310705,5.880297871290613e-08,-1.147,100000000.0,1.79e-05,1.1081999999999999,548300000.0,1.3008368843544622e-09,2.2442175166420504e-09,3.8717477360755895e-09,6.6795800409918396e-09,1.1523681955901399e-08,1.9880777684497806e-08,3.429852740234795e-08,5.917218132200681e-08,1.0208447147980963e-07,1.761172071822248e-07,3.038392638571021e-07,5.241867034928965e-07,9.043324310052863e-07,1.5601638506250513e-06,2.691611134736534e-06,4.643595925988942e-06,8.01118068118401e-06,1.3820973428670506e-05,2.3844089169610952e-05,4.113607418917162e-05,277.90000000000003,279.1,281.40000000000003,285.40000000000003,292.5,304.5,324.3,354.6,398.1,455.3,524.0,599.4000000000001,676.5,1000.0,1000.0,1000.0,1000.0,1000.0,1000.0,1000.0,278.8,280.6,283.70000000000005,288.8,297.3,311.1,332.20000000000005,362.90000000000003,404.0,454.8,512.6,574.0,636.5,697.9000000000001,1000.0,1000.0,1000.0,1000.0,1000.0,1000.0,14.218054611059745,2.7461538461538497
0,0.0,3.5677650367520383e-09,1.1282263672450787e-08,3.567765036752038e-08,1.1282263672450788e-07,3.567765036752038e-07,1.1282263672450787e-06,3.5677650367520384e-06,1.1282263672450789e-05,3.567765036752039e-05,0.0001128226367245079,,,,1.0,0.9896623056955737,0.9612956922731848,0.8660577727808321,0.6300370432289155,0.3206122953612278,0.13568576193281637,0.06806301958822238,0.038196326485540014,0.014802647854969707,0.0,,,,1.0627990255323279,7.112427392162712e-08,-1.147,100000000.0,1.79e-05,1.1733999999999998,548300000.0,3.5677650367520367e-09,6.15514588111896e-09,1.061892261053874e-08,1.8319877316719494e-08,3.160564562044839e-08,5.452639326212697e-08,9.406950890610997e-08,1.6228970919268786e-07,2.799839184462506e-07,4.83031209917584e-07,8.333305393010837e-07,1.4376706379911187e-06,2.4802845520041853e-06,4.279013075975893e-06,7.3821985020135475e-06,1.273584673744009e-05,2.197201715387654e-05,3.7906355797375346e-05,6.539644493148853e-05,0.00011282263672450793,277.70000000000005,278.8,281.0,285.0,292.3,305.20000000000005,326.90000000000003,360.8,409.6,473.6,549.2,630.2,710.7,1000.0,1000.0,1000.0,1000.0,1000.0,1000.0,1000.0,278.6,280.3,283.3,288.5,297.3,311.90000000000003,334.70000000000005,368.1,413.0,468.0,529.9,594.8000000000001,660.1,1000.0,1000.0,1000.0,1000.0,1000.0,1000.0,1000.0,18.467330822084385,5.5769230769230855
