,drug_conc_Hill,drug_conc_Hill,drug_conc_Hill,drug_conc_Hill,drug_conc_Hill,drug_conc_Hill,drug_conc_Hill,drug_conc_Hill,drug_conc_Hill,drug_conc_Hill,drug_conc_Hill,drug_conc_Hill,drug_conc_Hill,drug_conc_Hill,drug_conc_Hill,drug_conc_Hill,drug_conc_Hill,drug_conc_Hill,drug_conc_Hill,drug_conc_Hill,drug_conc_Hill,drug_conc_Hill,drug_conc_Hill,peak_current,peak_current,peak_current,peak_current,peak_current,peak_current,peak_current,peak_current,peak_current,peak_current,peak_current,peak_current,peak_current,peak_current,peak_current,peak_current,peak_current,peak_current,peak_current,peak_current,peak_current,peak_current,peak_current,Hill_curve,Hill_curve,param_values,param_values,param_values,param_values,param_values,drug_conc_AP,drug_conc_AP,drug_conc_AP,drug_conc_AP,drug_conc_AP,drug_conc_AP,drug_conc_AP,drug_conc_AP,drug_conc_AP,drug_conc_AP,drug_conc_AP,drug_conc_AP,drug_conc_AP,drug_conc_AP,drug_conc_AP,drug_conc_AP,drug_conc_AP,drug_conc_AP,drug_conc_AP,drug_conc_AP,APD_trapping,APD_trapping,APD_trapping,APD_trapping,APD_trapping,APD_trapping,APD_trapping,APD_trapping,APD_trapping,APD_trapping,APD_trapping,APD_trapping,APD_trapping,APD_trapping,APD_trapping,APD_trapping,APD_trapping,APD_trapping,APD_trapping,APD_trapping,APD_conductance,APD_conductance,APD_conductance,APD_conductance,APD_conductance,APD_conductance,APD_conductance,APD_conductance,APD_conductance,APD_conductance,APD_conductance,APD_conductance,APD_conductance,APD_conductance,APD_conductance,APD_conductance,APD_conductance,APD_conductance,APD_conductance,APD_conductance,RMSE,ME,drug_conc_Hill,drug_conc_Hill,peak_current,peak_current
,conc_0,conc_1,conc_2,conc_3,conc_4,conc_5,conc_6,conc_7,conc_8,conc_9,conc_10,conc_11,conc_12,conc_13,conc_14,conc_15,conc_16,conc_17,conc_18,conc_19,conc_20,conc_21,conc_22,conc_0,conc_1,conc_2,conc_3,conc_4,conc_5,conc_6,conc_7,conc_8,conc_9,conc_10,conc_11,conc_12,conc_13,conc_14,conc_15,conc_16,conc_17,conc_18,conc_19,conc_20,conc_21,conc_22,Hill_coef,IC50,Vhalf,Kmax,Ku,N,EC50,conc_0,conc_1,conc_2,conc_3,conc_4,conc_5,conc_6,conc_7,conc_8,conc_9,conc_10,conc_11,conc_12,conc_13,conc_14,conc_15,conc_16,conc_17,conc_18,conc_19,conc_0,conc_1,conc_2,conc_3,conc_4,conc_5,conc_6,conc_7,conc_8,conc_9,conc_10,conc_11,conc_12,conc_13,conc_14,conc_15,conc_16,conc_17,conc_18,conc_19,conc_0,conc_1,conc_2,conc_3,conc_4,conc_5,conc_6,conc_7,conc_8,conc_9,conc_10,conc_11,conc_12,conc_13,conc_14,conc_15,conc_16,conc_17,conc_18,conc_19,RMSE,ME,conc_23,conc_24,conc_23,conc_24
0,0.0,1.8587918911465668e-11,5.878016072274923e-11,1.8587918911465672e-10,5.87801607227492e-10,1.8587918911465673e-09,5.878016072274923e-09,1.8587918911465683e-08,5.878016072274926e-08,1.858791891146568e-07,5.878016072274925e-07,1.858791891146568e-06,5.878016072274926e-06,1.858791891146568e-05,5.878016072274927e-05,0.0001858791891146,0.0005878016072274,0.0018587918911465,0.0058780160722749,0.0185879189114656,0.0587801607227492,0.1858791891146569,0.587801607227493,1.0,0.9999837563200492,0.999967373511538,0.9999419599000562,0.9998753426893524,0.9997394650175662,0.9994476281944706,0.99884721698976,0.9975699313463424,0.9948937017197904,0.9892845251188696,0.97785434505137,0.953939932425456,0.9074212647002824,0.8226802807168526,0.6855004921283605,0.508188761534877,0.3255812840307555,0.1811363474661693,0.0885407411001667,0.0371845005457578,0.0122231657396786,0.0,0.6667861927064138,0.0071407570549574,-90.89,251.0,0.2816,0.65,1000000.0,1.8587918911465674e-11,6.635327270315537e-11,2.36861201051589e-10,8.455231562516966e-10,3.018263035836415e-09,1.0774290078442984e-08,3.84609708683874e-08,1.372940833566933e-07,4.900985310344303e-07,1.7495041610647534e-06,6.2452029862702615e-06,2.2293493898283635e-05,7.958105946042695e-05,0.000284080416185,0.0010140815340617,0.0036199656827278,0.0129221873231836,0.0461283171860388,0.1646642006650298,0.587801607227493,276.40000000000003,276.40000000000003,276.40000000000003,276.40000000000003,276.5,276.6,276.8,277.20000000000005,278.3,280.70000000000005,286.1,298.1,323.6,373.4,455.0,556.7,655.3000000000001,1000.0,1000.0,1000.0,276.40000000000003,276.40000000000003,276.40000000000003,276.40000000000003,276.40000000000003,276.5,276.6,277.0,277.70000000000005,279.40000000000003,283.3,292.1,310.8,346.8,406.3,487.9,581.3000000000001,676.7,1000.0,1000.0,28.178548369908885,14.247058823529418,,,,
0,0.0,4.134047679475066e-11,1.3073006622874935e-10,4.1340476794750676e-10,1.307300662287493e-09,4.134047679475068e-09,1.3073006622874936e-08,4.1340476794750683e-08,1.3073006622874938e-07,4.134047679475068e-07,1.3073006622874936e-06,4.134047679475068e-06,1.3073006622874936e-05,4.134047679475069e-05,0.0001307300662287,0.0004134047679475,0.0013073006622874,0.004134047679475,0.0130730066228749,0.0413404767947507,0.1307300662287494,0.4134047679475072,1.307300662287495,1.0,0.999985030278858,0.9999698988389238,0.9999380683699148,0.9998730985809208,0.9997309679441376,0.9994154829715244,0.9987468713644552,0.9972865678247038,0.9941266451713584,0.9873200746930328,0.9730369128800108,0.9427686553333956,0.8833868672307202,0.7769697891870733,0.615409902669914,0.4227597685076146,0.2493208193079386,0.1285643424329721,0.0589143775744023,0.024088700327742,0.0079082098942754,0.0,0.6869265342990343,0.0075608367781165,-90.89,251.0,0.2816,0.6754,1000000.0,4.134047679475059e-11,1.475730523414608e-10,5.267913547659144e-10,1.880486491625825e-09,6.712770460628724e-09,2.3962568972314413e-08,8.553915482746075e-08,3.053490223460627e-07,1.0900040529482077e-06,3.890986210844952e-06,1.3889648989869365e-05,4.9581863981955456e-05,0.0001769923226798,0.0006318092901674,0.0022553688945245,0.0080509877419518,0.0287396016582562,0.1025917228977178,0.3662215549218823,1.307300662287495,276.40000000000003,276.40000000000003,276.40000000000003,276.40000000000003,276.5,276.6,276.8,277.3,278.6,281.6,288.6,304.40000000000003,338.3,402.4,498.9,605.3000000000001,701.3000000000001,1000.0,1000.0,1000.0,276.40000000000003,276.40000000000003,276.40000000000003,276.40000000000003,276.40000000000003,276.5,276.70000000000005,277.1,278.0,280.20000000000005,285.20000000000005,296.8,321.20000000000005,366.8,438.0,528.8000000000001,627.0,1000.0,1000.0,1000.0,31.354735077252787,16.34705882352941,,,,
0,0.0,2.743823455808511e-10,8.676731617749254e-10,2.7438234558085107e-09,8.676731617749254e-09,2.7438234558085117e-08,8.676731617749254e-08,2.743823455808512e-07,8.676731617749256e-07,2.7438234558085115e-06,8.676731617749257e-06,2.743823455808512e-05,8.676731617749259e-05,0.0002743823455808,0.0008676731617749,0.0027438234558085,0.0086767316177492,0.0274382345580851,0.0867673161774926,0.2743823455808514,0.8676731617749265,,,1.0,0.9999734905208136,0.9999459491183772,0.9998728162631482,0.999725497072044,0.999370980549161,0.9986299916089332,0.9969451426185324,0.9931940192127628,0.9848705158299996,0.9667987605392364,0.9286242867331636,0.8531483182408243,0.7216429941955969,0.5357854750136392,0.3378072101479117,0.1813042958111654,0.0845041998026647,0.0338298996549775,0.0108247817155313,0.0,,,0.7159360208684747,0.0073502481360504,-90.89,251.0,0.2816,0.7008000000000001,1000000.0,2.743823455808513e-10,8.67673161774926e-10,2.7438234558085136e-09,8.676731617749262e-09,2.7438234558085136e-08,8.676731617749262e-08,2.7438234558085134e-07,8.676731617749263e-07,2.7438234558085136e-06,8.676731617749263e-06,2.743823455808513e-05,8.676731617749263e-05,0.0002743823455808,0.0008676731617749,0.0027438234558085,0.0086767316177492,0.0274382345580851,0.0867673161774926,0.2743823455808513,0.8676731617749265,276.40000000000003,276.40000000000003,276.40000000000003,276.40000000000003,276.5,276.70000000000005,277.0,277.70000000000005,279.40000000000003,283.1,291.1,308.40000000000003,343.20000000000005,405.8,496.7000000000001,596.9000000000001,688.7,1000.0,1000.0,1000.0,276.40000000000003,276.40000000000003,276.40000000000003,276.40000000000003,276.5,276.6,276.8,277.3,278.5,281.20000000000005,287.0,299.6,324.8,369.7000000000001,437.3,522.4,614.8000000000001,1000.0,1000.0,1000.0,30.94631974698048,16.394117647058835,,,,
0,0.0,5.467808232943987e-10,1.729072782512351e-09,5.467808232943986e-09,1.7290727825123512e-08,5.4678082329439874e-08,1.729072782512351e-07,5.467808232943987e-07,1.7290727825123512e-06,5.467808232943988e-06,1.7290727825123516e-05,5.467808232943988e-05,0.0001729072782512,0.0005467808232943,0.0017290727825123,0.0054678082329439,0.0172907278251235,0.0546780823294399,0.1729072782512352,0.546780823294399,1.7290727825123524,,,1.0,0.9999744591263192,0.9999435797834004,0.9998760977971044,0.999716332824558,0.9993473618413152,0.9985112284622102,0.9965814189355228,0.9921630663656512,0.9819159444085424,0.9597203529285004,0.911822265626848,0.8176783853517524,0.6604169321125084,0.4568547524788149,0.265142531754166,0.1318017959325347,0.0575591361209345,0.0226237059700497,0.0071555312750169,0.0,,,0.7364761162066691,0.0076976460149304,-90.89,251.0,0.2816,0.7262000000000001,1000000.0,5.467808232943987e-10,1.729072782512351e-09,5.467808232943986e-09,1.7290727825123512e-08,5.4678082329439874e-08,1.729072782512351e-07,5.467808232943987e-07,1.729072782512351e-06,5.467808232943987e-06,1.729072782512351e-05,5.467808232943986e-05,0.0001729072782512,0.0005467808232943,0.0017290727825123,0.0054678082329439,0.0172907278251235,0.0546780823294398,0.1729072782512351,0.5467808232943987,1.7290727825123522,276.40000000000003,276.40000000000003,276.40000000000003,276.5,276.5,276.70000000000005,277.1,277.90000000000003,280.0,284.6,294.90000000000003,317.3,362.3,439.4,540.6,641.7,1000.0,1000.0,1000.0,1000.0,276.40000000000003,276.40000000000003,276.40000000000003,276.40000000000003,276.5,276.6,276.90000000000003,277.5,279.0,282.3,289.90000000000003,306.1,338.20000000000005,393.0,470.9,562.9,658.5,1000.0,1000.0,1000.0,29.536259495745245,14.956250000000008,,,,
0,0.0,1.0399928063469811e-09,3.2887460182468783e-09,1.0399928063469812e-08,3.288746018246878e-08,1.0399928063469813e-07,3.288746018246878e-07,1.0399928063469813e-06,3.2887460182468786e-06,1.0399928063469814e-05,3.288746018246879e-05,0.0001039992806346,0.0003288746018246,0.0010399928063469,0.0032887460182468,0.0103999280634698,0.0328874601824688,0.1039992806346982,0.3288746018246881,1.039992806346982,,,,1.0,0.999979671754187,0.9999471714140944,0.9998732748116278,0.999711240864388,0.9993047396813348,0.998368942360048,0.9961519687749268,0.990917950844491,0.9782077296416404,0.9509179171027168,0.8908341671753046,0.7746410582179688,0.5910284454546103,0.3766394987141466,0.1991213571208873,0.089622886202001,0.0343891171609382,0.0106048917410016,0.0,,,,0.7660643425266805,0.0074567894947297,-90.89,251.0,0.2816,0.7516,1000000.0,1.03999280634698e-09,3.095384088457029e-09,9.212950894081745e-09,2.742097967527869e-08,8.161447238745886e-08,2.429133525483926e-07,7.229955070489053e-07,2.151888719697976e-06,6.404777093103231e-06,1.9062867534385053e-05,5.673779326759382e-05,0.0001688716127869,0.0005026212681691,0.0014959775361097,0.0044525548962484,0.0132523681843915,0.0394437051506429,0.1173983286883967,0.3494186848368164,1.039992806346982,276.40000000000003,276.40000000000003,276.40000000000003,276.40000000000003,276.5,276.6,277.0,277.70000000000005,279.3,283.1,291.3,309.1,345.5,410.9,504.7000000000001,606.2,698.0,1000.0,1000.0,1000.0,276.40000000000003,276.40000000000003,276.40000000000003,276.40000000000003,276.5,276.6,276.8,277.3,278.5,281.20000000000005,287.20000000000005,300.20000000000005,326.40000000000003,373.1,443.1,530.4,624.2,1000.0,1000.0,1000.0,31.511678507387405,16.72941176470588,,,,
0,0.0,6.034650847252825e-09,1.90832415611838e-08,6.034650847252825e-08,1.9083241561183802e-07,6.034650847252825e-07,1.90832415611838e-06,6.034650847252827e-06,1.90832415611838e-05,6.034650847252828e-05,0.0001908324156118,0.0006034650847252,0.0019083241561183,0.0060346508472528,0.0190832415611838,0.0603465084725282,0.190832415611838,0.603465084725283,1.908324156118381,,,,,1.0,0.9999787910258704,0.9999380520903554,0.9998733630970704,0.9996797443863,0.9991714808150128,0.9978658194319776,0.9944826040047916,0.9857771666918796,0.963830932475054,0.9111214901233676,0.7976722909012132,0.6023569868305156,0.3668337466301386,0.179214106895952,0.0733985951084351,0.0261977042491502,0.0076545968812031,0.0,,,,,0.8415954387513148,0.0077709883415994,-90.89,251.0,0.2816,0.8311,1000000.0,6.034650847252825e-09,1.690520995242619e-08,4.7357524199715453e-08,1.3266532061051197e-07,3.716428928688735e-07,1.041104330689724e-06,2.9165046558910825e-06,8.170170036848467e-06,2.288756107286988e-05,6.411622395883595e-05,0.0001796124174896,0.0005031584601298,0.0014095263542391,0.0039485861825357,0.011061398599623,0.0309869237553696,0.0868054283708587,0.2431729736754694,0.6812142539466097,1.908324156118381,276.40000000000003,276.40000000000003,276.40000000000003,276.40000000000003,276.5,276.6,277.0,277.8,279.70000000000005,284.1,294.20000000000005,316.5,362.2000000000001,441.5,545.5,648.4000000000001,1000.0,1000.0,1000.0,1000.0,276.40000000000003,276.40000000000003,276.40000000000003,276.40000000000003,276.5,276.6,276.8,277.40000000000003,278.8,282.0,289.40000000000003,305.6,338.1,394.4,474.6,569.1,666.7,1000.0,1000.0,1000.0,29.85568413217156,15.043750000000005,,,,
0,0.0,1.6339752824535732e-08,5.167083532970252e-08,1.6339752824535728e-07,5.167083532970251e-07,1.6339752824535729e-06,5.167083532970251e-06,1.633975282453573e-05,5.167083532970252e-05,0.0001633975282453,0.000516708353297,0.0016339752824535,0.0051670835329702,0.0163397528245357,0.0516708353297025,0.1633975282453574,0.5167083532970255,1.633975282453574,,,,,,1.0,0.9999777918687472,0.9999514650899138,0.9998761226237944,0.9996607209676122,0.9990703775665716,0.997442383755483,0.9929611795680802,0.9807621208748006,0.94869142533733,0.8699491925291617,0.7069554612359228,0.4660283053011571,0.2373376221610695,0.0969388361582263,0.0331051944097069,0.0092697279579394,0.0,,,,,,0.895823705565118,0.0077284718887798,-90.89,251.0,0.2816,0.8840749999999999,1000000.0,1.6339752824535742e-08,4.308222396984403e-08,1.1359278454939202e-07,2.995045174714386e-07,7.896888551648699e-07,2.0821338296878e-06,5.489860033323225e-06,1.447484439076557e-05,3.816511147189408e-05,0.0001006280754625,0.0002653211056057,0.0006995591315475,0.0018444932129097,0.0048632846875206,0.0128227839421328,0.0338092048052498,0.0891430702351206,0.2350391562510141,0.6197162025660622,1.633975282453574,276.40000000000003,276.40000000000003,276.40000000000003,276.40000000000003,276.5,276.6,276.90000000000003,277.6,279.3,283.3,292.3,312.6,354.6,429.6,531.9,636.2,1000.0,1000.0,1000.0,1000.0,276.40000000000003,276.40000000000003,276.40000000000003,276.40000000000003,276.5,276.6,276.8,277.3,278.5,281.40000000000003,288.0,302.8,332.8,386.0,463.7000000000001,557.3000000000001,655.2,1000.0,1000.0,1000.0,28.9088329927031,14.35625,,,,
0,0.0,3.95299736392622e-08,1.250047525464838e-07,3.95299736392622e-07,1.250047525464838e-06,3.95299736392622e-06,1.250047525464838e-05,3.9529973639262205e-05,0.0001250047525464,0.0003952997363926,0.0012500475254648,0.0039529973639262,0.0125004752546483,0.0395299736392622,0.1250047525464838,0.3952997363926222,1.2500475254648389,,,,,,,1.0,0.9999835885617352,0.9999568689173468,0.99987595397456,0.999640737978194,0.998949884454728,0.9969229470425972,0.991028228983976,0.9736743601625398,0.9275888206912636,0.8133961826958332,0.597039604265261,0.3331591742081048,0.1408340524638021,0.0472548880060064,0.0125191433266868,0.0,,,,,,,0.9525731086972088,0.0075824355972922,-90.89,251.0,0.2816,0.93705,1000000.0,3.952997363926216e-08,9.80987259021702e-08,2.43444635492268e-07,6.041392485470802e-07,1.4992494326153418e-06,3.72058075452493e-06,9.23310081017912e-06,2.291313001800866e-05,5.686188616541104e-05,0.0001411101013151,0.000350182908728,0.0008690240345827,0.0021565951788608,0.0053518689707116,0.0132813528289509,0.0329593893147253,0.0817929738024613,0.2029798094730226,0.5037205659401619,1.2500475254648389,276.40000000000003,276.40000000000003,276.40000000000003,276.40000000000003,276.5,276.6,276.90000000000003,277.5,278.90000000000003,282.20000000000005,289.8,306.90000000000003,342.90000000000003,409.7000000000001,507.2000000000001,612.4000000000001,706.5,1000.0,1000.0,1000.0,276.40000000000003,276.40000000000003,276.40000000000003,276.40000000000003,276.5,276.5,276.70000000000005,277.1,278.20000000000005,280.6,286.1,298.6,324.5,372.0,444.5,535.3000000000001,632.7,1000.0,1000.0,1000.0,31.77848883979817,16.747058823529418,,,,
0,0.0,8.700555489005604e-08,2.751357225393779e-07,8.700555489005601e-07,2.751357225393778e-06,8.700555489005601e-06,2.7513572253937784e-05,8.700555489005602e-05,0.0002751357225393,0.0008700555489005,0.0027513572253937,0.0087005554890056,0.0275135722539377,0.087005554890056,0.2751357225393779,0.8700555489005605,2.75135722539378,,,,,,,1.0,0.9999834382810844,0.9999488898644572,0.9998764148390838,0.9996192790490032,0.9988240126332152,0.996325900581012,0.9886240951789892,0.965333610032288,0.8992120971300498,0.7408887616414078,0.4777526582794153,0.2246356078452701,0.0815614940360469,0.0252100915948161,0.0064717406092698,0.0,,,,,,,0.9985600197265716,0.0079644929667046,-90.89,251.0,0.2816,0.990025,1000000.0,8.7005554890056e-08,2.1591550146262986e-07,5.358221533184799e-07,1.3297117531718466e-06,3.299851145707314e-06,8.189006044243518e-06,2.032207424868028e-05,5.04318472275624e-05,0.000125153130712,0.0003105836289584,0.000770753316583,0.0019127237228048,0.0047466705119086,0.011779474829529,0.0292322854327877,0.0725436850106277,0.180026506891538,0.4467589863793235,1.1086900221361942,2.75135722539378,276.40000000000003,276.40000000000003,276.40000000000003,276.40000000000003,276.5,276.6,276.90000000000003,277.70000000000005,279.6,284.3,295.40000000000003,321.0,374.3,464.80000000000007,576.1,680.4000000000001,1000.0,1000.0,1000.0,1000.0,276.40000000000003,276.40000000000003,276.40000000000003,276.40000000000003,276.5,276.6,276.8,277.40000000000003,278.8,282.20000000000005,290.40000000000003,308.8,346.40000000000003,410.8,499.7000000000001,600.6,1000.0,1000.0,1000.0,1000.0,31.700157728314235,16.162500000000005,,,,
0,0.0,1.7675160856720593e-07,5.589376631709012e-07,1.7675160856720593e-06,5.589376631709012e-06,1.7675160856720592e-05,5.589376631709012e-05,0.0001767516085672,0.0005589376631709,0.001767516085672,0.005589376631709,0.0176751608567205,0.0558937663170901,0.1767516085672059,0.5589376631709014,1.76751608567206,,,,,,,,1.0,0.9999847569343974,0.9999470446453862,0.9998733979932716,0.9995966264199954,0.9986616418273648,0.995584347417132,0.9855094143581464,0.9535248147846268,0.8607251773677741,0.6506070563149114,0.3582030717653803,0.1402829094331835,0.042363549998245,0.0103936320363831,0.0,,,,,,,,1.055636150917443,0.0077964238065883,-90.89,251.0,0.2816,1.043,1000000.0,1.7675160856720577e-07,4.12842526826636e-07,9.642851532623897e-07,2.2523015347998217e-06,5.260749049696574e-06,1.2287644498871744e-05,2.870051506056185e-05,6.703640920089882e-05,0.0001565783801812,0.0003657234841847,0.0008542281937606,0.0019952391316688,0.0046603228758076,0.0108852161939156,0.0254248331598162,0.0593853286594172,0.1387075870987736,0.3239822891122935,0.7567323882845467,1.76751608567206,276.40000000000003,276.40000000000003,276.40000000000003,276.40000000000003,276.5,276.6,276.8,277.40000000000003,278.90000000000003,282.5,291.0,310.5,352.40000000000003,428.9,534.6,641.9000000000001,1000.0,1000.0,1000.0,1000.0,276.40000000000003,276.40000000000003,276.40000000000003,276.40000000000003,276.40000000000003,276.5,276.70000000000005,277.1,278.20000000000005,280.8,287.1,301.3,331.1,385.3,465.5,562.3000000000001,663.2,1000.0,1000.0,1000.0,29.12148047404185,14.35625,,,,
0,0.0,7.718369442133303e-07,2.440762725978442e-06,7.718369442133301e-06,2.440762725978442e-05,7.718369442133303e-05,0.0002440762725978,0.0007718369442133,0.0024407627259784,0.0077183694421333,0.0244076272597844,0.077183694421333,0.2440762725978442,0.7718369442133306,2.440762725978443,,,,,,,,,1.0,0.9999885787934358,0.9999606237730138,0.9998764317889416,0.9995342317290636,0.9981905364707416,0.993103622207496,0.9735711750955915,0.9065044202966684,0.7155788553869039,0.3942455752439752,0.141472986303966,0.0375458270143297,0.0082793747654715,0.0,,,,,,,,,1.18321004155502,0.0079836740129113,-90.89,251.0,0.2816,1.1736,1000000.0,7.718369442133306e-07,1.6968006642789187e-06,3.730234106935424e-06,8.200519239222222e-06,1.8027961212359905e-05,3.9632537403226496e-05,8.712787888301286e-05,0.0001915412884473,0.0004210829604763,0.0009257056848723,0.0020350645726333,0.0044738709964372,0.0098353251105259,0.0216219064221508,0.0475334401328448,0.1044971653631817,0.2297258001613658,0.505027510328754,1.1102487661799565,2.440762725978443,276.40000000000003,276.40000000000003,276.40000000000003,276.40000000000003,276.5,276.6,276.8,277.40000000000003,279.0,282.90000000000003,292.40000000000003,315.20000000000005,364.5,452.8,566.4000000000001,674.7,1000.0,1000.0,1000.0,1000.0,276.40000000000003,276.40000000000003,276.40000000000003,276.40000000000003,276.40000000000003,276.5,276.70000000000005,277.1,278.3,281.1,288.20000000000005,304.6,339.6,402.0,491.30000000000007,594.4000000000001,698.6,1000.0,1000.0,1000.0,31.04694026792334,15.562499999999996,,,,
0,0.0,1.4341783570636572e-06,4.535270179239393e-06,1.4341783570636571e-05,4.535270179239392e-05,0.0001434178357063,0.0004535270179239,0.0014341783570636,0.0045352701792393,0.0143417835706365,0.0453527017923939,0.1434178357063657,0.4535270179239394,1.4341783570636577,4.535270179239395,,,,,,,,,1.0,0.9999873392467996,0.999969919322174,0.999876638291896,0.9994915783999696,0.99790448259499,0.9913908149725148,0.9651930680410744,0.8697834790780798,0.6166869933474208,0.2782118654485075,0.0823039349074066,0.0200678870816506,0.0040953377073313,0.0,,,,,,,,,1.2444350260875727,0.0081654568100279,-90.89,251.0,0.2816,1.2388,1000000.0,1.4341783570636589e-06,3.1528871573261422e-06,6.931283949358111e-06,1.5237683681446048e-05,3.349841179097985e-05,7.364266222985194e-05,0.0001618954872887,0.0003559098491395,0.0007824295960061,0.0017200874721121,0.0037814276540915,0.0083130627569593,0.0182753760544303,0.0401764523732536,0.0883236175547267,0.1941699915532355,0.4268618820602857,0.9384100236008536,2.062993697502804,4.535270179239395,276.40000000000003,276.40000000000003,276.40000000000003,276.40000000000003,276.5,276.6,276.90000000000003,277.70000000000005,279.70000000000005,285.20000000000005,299.20000000000005,333.0,404.1,515.6,634.8000000000001,1000.0,1000.0,1000.0,1000.0,1000.0,276.40000000000003,276.40000000000003,276.40000000000003,276.40000000000003,276.40000000000003,276.5,276.70000000000005,277.3,278.90000000000003,282.90000000000003,293.1,317.40000000000003,367.1,448.6,552.8000000000001,663.1,1000.0,1000.0,1000.0,1000.0,29.29018037955155,14.106666666666667,,,,
0,0.0,2.504799720426124e-06,7.920872199099532e-06,2.504799720426124e-05,7.920872199099533e-05,0.0002504799720426,0.0007920872199099,0.0025047997204261,0.0079208721990995,0.0250479972042612,0.0792087219909953,0.2504799720426124,0.7920872199099535,2.5047997204261243,,,,,,,,,,1.0,0.999993071775,0.9999695577201588,0.9998736644966768,0.9994569483365544,0.9975739807519848,0.9892482394326424,0.9535223028341984,0.8209509824259474,0.5057744033140376,0.1836274627625255,0.0442788355922492,0.0086907314980937,0.0,,,,,,,,,,1.3141177859698951,0.0080104758629558,-90.89,251.0,0.2816,1.304,1000000.0,2.504799720426124e-06,5.182776487099372e-06,1.0723880195363648e-05,2.218918888953964e-05,4.591249572039557e-05,9.49992932940903e-05,0.0001965666554337,0.0004067235522354,0.0008415671904166,0.0017413187215078,0.0036030288780299,0.007455164258888,0.0154257642690311,0.031918036279352,0.0660428243400108,0.1366517228262911,0.2827512835498222,0.585051448277023,1.2105522310413483,2.5047997204261243,276.40000000000003,276.40000000000003,276.40000000000003,276.40000000000003,276.40000000000003,276.5,276.70000000000005,277.3,278.70000000000005,282.3,291.5,313.8,363.4,453.8,570.4000000000001,680.7,1000.0,1000.0,1000.0,1000.0,276.40000000000003,276.40000000000003,276.40000000000003,276.40000000000003,276.40000000000003,276.5,276.6,277.0,278.1,280.8,287.5,303.6,338.70000000000005,402.6,494.5,600.5,1000.0,1000.0,1000.0,1000.0,31.17203273769616,15.54375000000001,,,,
0,0.0,4.148384982989868e-06,1.311834515748684e-05,4.148384982989868e-05,0.0001311834515748,0.0004148384982989,0.0013118345157486,0.0041483849829898,0.0131183451574868,0.0414838498298986,0.1311834515748684,0.4148384982989869,1.3118345157486846,4.148384982989869,,,,,,,,,,1.0,0.9999936224688922,0.9999681970362648,0.9998766499245472,0.9994133097386522,0.9971825455575898,0.9865822475607255,0.9383889640609148,0.7594986309641286,0.3953187747453392,0.1169472185430603,0.0251938657970976,0.0046042691979143,0.0,,,,,,,,,,1.3749262827466546,0.0081834458232978,-90.89,251.0,0.2816,1.3692000000000002,1000000.0,4.1483849829898655e-06,8.583581343429061e-06,1.7760615030035522e-05,3.67491649026662e-05,7.603909654927358e-05,0.0001573353903236,0.0003255486476257,0.0006736051040578,0.0013937819724394,0.0028839273559457,0.0059672439153559,0.0123470516245635,0.0255477547058747,0.0528618321489049,0.1093784299367973,0.2263190746347734,0.4682854158094701,0.9689471866820488,2.0048855225528683,4.148384982989869,276.40000000000003,276.40000000000003,276.40000000000003,276.40000000000003,276.5,276.5,276.8,277.5,279.3,284.20000000000005,297.0,329.0,398.1,510.2000000000001,632.1,1000.0,1000.0,1000.0,1000.0,1000.0,276.40000000000003,276.40000000000003,276.40000000000003,276.40000000000003,276.40000000000003,276.5,276.70000000000005,277.20000000000005,278.5,282.20000000000005,291.6,314.5,362.8,444.3,550.0,662.5,1000.0,1000.0,1000.0,1000.0,28.95222501524423,13.766666666666662,,,,
0,0.0,6.562455465846711e-06,2.0752306315496928e-05,6.56245546584671e-05,0.0002075230631549,0.0006562455465846,0.0020752306315496,0.0065624554658467,0.0207523063154969,0.0656245546584671,0.2075230631549693,0.6562455465846713,2.075230631549694,6.562455465846714,,,,,,,,,,1.0,0.99999432661626,0.9999695648247494,0.999873916114456,0.9993689776877194,0.996732040201494,0.9832844943805124,0.918646872171528,0.6846020689257406,0.2941747155814407,0.0718628039644487,0.0144072854061934,0.0024051226718247,0.0,,,,,,,,,,1.437952070894035,0.0082592148306759,-90.89,251.0,0.2816,1.4344,1000000.0,6.56245546584671e-06,1.3578626510003329e-05,2.8096053201082703e-05,5.813461360738733e-05,0.0001202885428459,0.0002488936047243,0.000514995235681,0.0010655962537403,0.0022048657877074,0.0045621717650926,0.0094397633317399,0.0195321737864141,0.0404147645884216,0.0836237284491925,0.1730290410190266,0.358020977911241,0.7407948392341059,1.5328068121525975,3.171588946017104,6.562455465846714,276.40000000000003,276.40000000000003,276.40000000000003,276.40000000000003,276.5,276.6,276.90000000000003,277.70000000000005,280.0,286.6,304.6,349.40000000000003,441.2000000000001,568.4000000000001,689.0,1000.0,1000.0,1000.0,1000.0,1000.0,276.40000000000003,276.40000000000003,276.40000000000003,276.40000000000003,276.40000000000003,276.5,276.70000000000005,277.40000000000003,279.1,284.0,297.1,328.90000000000003,393.0,491.5,607.5,1000.0,1000.0,1000.0,1000.0,1000.0,32.00345814647746,15.920000000000009,,,,
0,0.0,3.4885643546888803e-09,1.1031809124892364e-08,3.48856435468888e-08,1.1031809124892367e-07,3.48856435468888e-07,1.1031809124892364e-06,3.48856435468888e-06,1.1031809124892363e-05,3.488564354688881e-05,0.0001103180912489,0.0003488564354688,0.0011031809124892,0.0034885643546888,0.0110318091248923,0.0348856435468888,0.1103180912489237,0.3488564354688882,1.103180912489237,,,,,1.0,0.9999741767732212,0.9999490780108738,0.999875838004462,0.9996872657199568,0.9992177598877164,0.9980462572214144,0.9950962320059524,0.9877322256487944,0.9696224344230816,0.9267706033581886,0.833750709962633,0.6650847239601391,0.439169398990693,0.2335405679286467,0.1027098612843125,0.0378612515555551,0.0111921610811544,0.0,,,,,0.8196142845613007,0.0074855657532344,-90.89,251.0,0.2816,0.804575,1000000.0,3.4885643546888873e-09,9.772713341885088e-09,2.7376856595548145e-08,7.669234232431067e-08,2.14842611702386e-07,6.01850802886101e-07,1.6859988158979475e-06,4.723084182289004e-06,1.3231043807766738e-05,3.706487402860572e-05,0.000103831935463,0.0002908702944376,0.0008148314659549,0.0022826336363904,0.0063944711706423,0.0179131950481701,0.0501812500628655,0.1405755841490195,0.3938023631153359,1.103180912489237,276.40000000000003,276.40000000000003,276.40000000000003,276.40000000000003,276.5,276.6,276.90000000000003,277.6,279.20000000000005,282.8,290.8,308.5,344.70000000000005,410.4,505.2000000000001,607.8000000000001,700.3000000000001,1000.0,1000.0,1000.0,276.40000000000003,276.40000000000003,276.40000000000003,276.40000000000003,276.5,276.6,276.8,277.3,278.40000000000003,281.0,286.90000000000003,299.70000000000005,325.8,372.7000000000001,443.3,531.7,626.5,1000.0,1000.0,1000.0,31.57101239316555,16.71176470588236,,,,
0,0.0,3.8531404073281653e-07,1.2184699831585946e-06,3.853140407328165e-06,1.2184699831585947e-05,3.853140407328165e-05,0.0001218469983158,0.0003853140407328,0.0012184699831585,0.0038531404073281,0.0121846998315859,0.0385314040732816,0.1218469983158594,0.3853140407328166,1.218469983158595,3.853140407328167,,,,,,,,1.0,0.9999859319989024,0.9999657086353132,0.9998765643254944,0.999564419620175,0.998452410873542,0.994495097864685,0.9804320165107788,0.9339242957075496,0.7982075661972327,0.5252924984479632,0.2348066817427694,0.0761622894944461,0.0210930918810175,0.0048511533076775,0.0,,,,,,,,1.1147094715346244,0.0080999161030643,-90.89,251.0,0.2816,1.1082,1000000.0,3.853140407328167e-07,8.999862772815054e-07,2.102117269732907e-06,4.909960437460271e-06,1.1468300006159078e-05,2.678675453835213e-05,6.256639766247631e-05,0.0001461376782638,0.0003413369125639,0.0007972679548684,0.0018621958788038,0.0043495708937734,0.010159386117916,0.0237294962683926,0.0554254938847788,0.1294585160016011,0.3023790351814867,0.7062732042761557,1.6496574862708897,3.853140407328167,276.40000000000003,276.40000000000003,276.40000000000003,276.40000000000003,276.5,276.6,276.90000000000003,277.70000000000005,279.8,285.0,298.0,328.5,392.2000000000001,495.2000000000001,611.4000000000001,714.5,1000.0,1000.0,1000.0,1000.0,276.40000000000003,276.40000000000003,276.40000000000003,276.40000000000003,276.5,276.5,276.8,277.40000000000003,278.90000000000003,282.8,292.20000000000005,314.20000000000005,358.8,433.1,530.9,637.2,1000.0,1000.0,1000.0,1000.0,33.23345453003646,17.312500000000004,,,,
0,0.0,7.702898360141417e-07,2.435870340282285e-06,7.702898360141416e-06,2.4358703402822845e-05,7.702898360141417e-05,0.0002435870340282,0.0007702898360141,0.0024358703402822,0.0077028983601414,0.0243587034028228,0.0770289836014142,0.2435870340282286,0.7702898360141421,2.4358703402822863,,,,,,,,,1.0,0.999985248540598,0.9999652676302454,0.9998764308925528,0.999532330250898,0.9981867241296114,0.9931106742441934,0.9737136319220914,0.906601504449084,0.7158462879696312,0.3946258200850912,0.1417005414445425,0.0376171560353191,0.0082977903429312,0.0,,,,,,,,,1.1830941295970212,0.0079807326499525,-90.89,251.0,0.2816,1.1733999999999998,1000000.0,7.702898360141417e-07,1.6933995129868271e-06,3.722757040937221e-06,8.184081712296715e-06,1.7991825074001397e-05,3.955309598230088e-05,8.695323544723497e-05,0.0001911573536019,0.0004202389209345,0.0009238501545484,0.0020309853884095,0.0044649033478262,0.0098156106977419,0.0215785664020098,0.0474381617511652,0.1042877060693018,0.2292653263894642,0.5040152081736117,1.1080233285636645,2.4358703402822863,276.40000000000003,276.40000000000003,276.40000000000003,276.40000000000003,276.5,276.6,276.8,277.40000000000003,279.0,282.90000000000003,292.40000000000003,315.1,364.4,452.7000000000001,566.2,674.5,1000.0,1000.0,1000.0,1000.0,276.40000000000003,276.40000000000003,276.40000000000003,276.40000000000003,276.40000000000003,276.5,276.70000000000005,277.1,278.3,281.1,288.20000000000005,304.6,339.5,401.9,491.1,594.2,698.4000000000001,1000.0,1000.0,1000.0,31.044816395011907,15.55625,,,,
0,0.0,1.3163675340642209e-12,4.162719645542224e-12,1.3163675340642209e-11,4.162719645542224e-11,1.316367534064221e-10,4.1627196455422236e-10,1.3163675340642209e-09,4.162719645542224e-09,1.3163675340642211e-08,4.162719645542225e-08,1.3163675340642214e-07,4.1627196455422254e-07,1.3163675340642214e-06,4.162719645542226e-06,1.3163675340642215e-05,4.162719645542226e-05,0.00013163675340642218,0.0004162719645542227,0.001316367534064222,0.004162719645542228,0.013163675340642222,0.04162719645542228,1.0,0.9999821649797422,0.9999668995522285,0.999937104200916,0.999878524838551,0.9997614833896638,0.9995375169706662,0.9991019004197604,0.9982565778086141,0.996617227259141,0.9934440568849592,0.9873351024140021,0.9756673924704501,0.9537494387387524,0.9138244453324048,0.8449920642812709,0.7368423444265986,0.5893395053382546,0.4225617398363877,0.2695782304032251,0.15397927775407544,0.07890016476621786,0.03505869529818291,0.5955711222295426,0.006954878511847223,-90.89,251.0,0.2816,0.578,1000000.0,1.3163675340642197e-12,5.30444951680946e-12,2.1374869820367005e-11,8.613241739596068e-11,3.4708016417498863e-10,1.3985981585765518e-09,5.6358069722115014e-09,2.2710111573687784e-08,9.15129226803465e-08,3.687615091773485e-07,1.4859655518352259e-06,5.9878636091030664e-06,2.4128762983057763e-05,9.722953645896182e-05,0.0003917972407728697,0.0015787905966416422,0.006361912460453098,0.025636034468765757,0.10330325470038645,0.41627196455422283,260.20000000000005,260.20000000000005,260.20000000000005,260.20000000000005,260.3,260.40000000000003,260.6,261.1,262.20000000000005,264.6,270.0,281.6,306.20000000000005,353.6,431.90000000000003,531.9,630.8000000000001,1000.0,1000.0,1000.0,260.20000000000005,260.20000000000005,260.20000000000005,260.20000000000005,260.20000000000005,260.3,260.40000000000003,260.8,261.6,263.3,267.3,276.0,294.20000000000005,329.1,386.5,465.70000000000005,557.7,652.2,1000.0,1000.0,27.194625334040243,13.65294117647059,0.13163675340642222,0.41627196455422283,0.012102836548933548,0.0
0,0.0,6.988494855819274e-12,2.2099561160758932e-11,6.988494855819274e-11,2.209956116075893e-10,6.988494855819276e-10,2.209956116075893e-09,6.988494855819274e-09,2.209956116075893e-08,6.988494855819274e-08,2.2099561160758933e-07,6.988494855819275e-07,2.2099561160758934e-06,6.988494855819275e-06,2.2099561160758936e-05,6.988494855819276e-05,0.00022099561160758937,0.0006988494855819277,0.002209956116075894,0.006988494855819278,0.022099561160758945,0.06988494855819279,0.22099561160758946,1.0,0.9999859505619167,0.999970366885709,0.9999396162699765,0.9998789247404098,0.9997498464157464,0.999490552995573,0.9989607901796629,0.9978801319329739,0.9956775879548485,0.9912055614778242,0.9821909303233314,0.9642668148168296,0.9295926214756866,0.8659348331591835,0.7595146807419577,0.6065879397343833,0.4284020095515705,0.2650682172631505,0.14521085888141883,0.07099912329525106,0.030278077662367692,0.010255299573520836,0.6362945451768125,0.007242316917484554,-90.89,251.0,0.2816,0.6214,1000000.0,6.988494855819275e-12,2.650519588764858e-11,1.0052599644652164e-10,3.8126396063630646e-10,1.4460160835850478e-09,5.484291015854081e-09,2.0800216738950756e-08,7.888877799092321e-08,2.9920069444502895e-07,1.1347755388819397e-06,4.303852055000431e-06,1.6323177471362953e-05,6.190875507721998e-05,0.00023480072810181784,0.0008905264182485519,0.003377490811079211,0.012809776268468447,0.0485835127988951,0.18426221242368432,0.6988494855819279,260.20000000000005,260.20000000000005,260.20000000000005,260.20000000000005,260.3,260.3,260.6,261.1,262.20000000000005,264.8,270.70000000000005,283.8,311.70000000000005,365.5,451.90000000000003,556.3000000000001,655.4000000000001,1000.0,1000.0,1000.0,260.20000000000005,260.20000000000005,260.20000000000005,260.20000000000005,260.20000000000005,260.3,260.40000000000003,260.8,261.6,263.5,267.90000000000003,277.70000000000005,298.3,337.3,400.5,485.1,580.4000000000001,676.6,1000.0,1000.0,29.062245571308825,14.74117647058824,0.6988494855819279,,0.0,
0,0.0,2.983521981240804e-11,9.434724909899098e-11,2.983521981240804e-10,9.434724909899098e-10,2.983521981240804e-09,9.434724909899097e-09,2.983521981240804e-08,9.434724909899099e-08,2.983521981240805e-07,9.4347249098991e-07,2.9835219812408054e-06,9.434724909899103e-06,2.983521981240806e-05,9.434724909899104e-05,0.0002983521981240806,0.0009434724909899104,0.0029835219812408063,0.009434724909899104,0.029835219812408064,0.09434724909899105,0.29835219812408065,0.9434724909899106,1.0,0.9999876894871594,0.9999736728600129,0.9999434010339251,0.9998771027382896,0.9997374603273868,0.9994386851119885,0.9987956616967455,0.9974154913720812,0.9944677288778001,0.9881902786740026,0.9749701921285113,0.9477326459462116,0.8940685358134891,0.7970639178210585,0.6461245038152177,0.45825582102770074,0.279758267007827,0.14880503176824844,0.07000331869785942,0.028791101097739837,0.009491941691965222,0.0,0.6784468263329294,0.007399979546278802,-90.89,251.0,0.2816,0.6648000000000001,1000000.0,2.983521981240804e-11,1.0650274975915507e-10,3.801827429990606e-10,1.357137899266916e-09,4.8445735939970745e-09,1.729366877185535e-08,6.173318947228394e-08,2.203688952701068e-07,7.866505913220353e-07,2.8081057086973095e-06,1.002409171010249e-05,3.578298861803155e-05,0.00012773449320577736,0.0004559736730965759,0.001627688695035891,0.00581035845766145,0.020741229885960142,0.07403994440566618,0.2643003041639723,0.9434724909899106,260.20000000000005,260.20000000000005,260.20000000000005,260.20000000000005,260.20000000000005,260.3,260.6,261.0,262.20000000000005,264.90000000000003,271.0,284.8,314.6,372.3,463.6,570.6,669.9000000000001,1000.0,1000.0,1000.0,260.20000000000005,260.20000000000005,260.20000000000005,260.20000000000005,260.20000000000005,260.3,260.40000000000003,260.8,261.6,263.6,268.20000000000005,278.5,300.40000000000003,342.0,408.70000000000005,496.70000000000005,594.3000000000001,691.7,1000.0,1000.0,30.058736617809195,15.31176470588235,,,,
0,0.0,3.371452154665306e-10,1.0661467831024644e-09,3.371452154665306e-09,1.0661467831024645e-08,3.371452154665306e-08,1.0661467831024645e-07,3.3714521546653064e-07,1.0661467831024648e-06,3.3714521546653072e-06,1.0661467831024649e-05,3.3714521546653076e-05,0.0001066146783102465,0.0003371452154665308,0.0010661467831024653,0.003371452154665309,0.010661467831024654,0.033714521546653095,0.10661467831024657,0.337145215466531,1.0661467831024658,,,1.0,0.9999749852867568,0.999946709888989,0.999878153982358,0.999724660882141,0.9993798953989154,0.9986024353661979,0.99685123832863,0.9929151392776756,0.9841440349509976,0.9648938960808326,0.9240782727247479,0.8434895145124098,0.704572846556939,0.5128611362734546,0.31567874401616386,0.16561657338768335,0.07570619551016972,0.030033757057055882,0.009596050016365668,0.0,,,0.721754516375854,0.007464478727079616,-90.89,251.0,0.2816,0.7082,1000000.0,3.3714521546653023e-10,1.0661467831024633e-09,3.3714521546653022e-09,1.0661467831024634e-08,3.3714521546653025e-08,1.0661467831024633e-07,3.371452154665309e-07,1.0661467831024654e-06,3.3714521546653093e-06,1.0661467831024654e-05,3.371452154665309e-05,0.00010661467831024655,0.0003371452154665316,0.0010661467831024677,0.003371452154665316,0.010661467831024677,0.03371452154665316,0.10661467831024676,0.3371452154665316,1.0661467831024658,260.20000000000005,260.20000000000005,260.20000000000005,260.20000000000005,260.3,260.40000000000003,260.8,261.5,263.3,267.1,275.6,293.90000000000003,331.1,397.90000000000003,493.30000000000007,596.0,688.6,1000.0,1000.0,1000.0,260.20000000000005,260.20000000000005,260.20000000000005,260.20000000000005,260.3,260.40000000000003,260.6,261.20000000000005,262.40000000000003,265.3,271.6,285.20000000000005,312.40000000000003,360.20000000000005,431.40000000000003,519.6,614.1,1000.0,1000.0,1000.0,31.702356564847125,16.770588235294113,,,,
0,0.0,3.95299736392622e-08,1.250047525464838e-07,3.95299736392622e-07,1.250047525464838e-06,3.95299736392622e-06,1.250047525464838e-05,3.9529973639262205e-05,0.0001250047525464838,0.00039529973639262206,0.001250047525464838,0.003952997363926221,0.012500475254648383,0.039529973639262216,0.12500475254648385,0.3952997363926222,1.2500475254648387,,,,,,,1.0,0.9999860105284772,0.9999575011912231,0.9998793594510413,0.9996429115783391,0.9989526608310323,0.996929980845144,0.9910371407789501,0.974115819823426,0.927584243739936,0.8134195540352505,0.5970568269945127,0.3331652773783354,0.14084119796201383,0.047258671742750495,0.012519338390361534,0.0,,,,,,,0.9527784399430189,0.007575501386801656,-90.89,251.0,0.2816,0.9370499999999999,1000000.0,3.952997363926216e-08,9.80987259021702e-08,2.4344463549226796e-07,6.041392485470802e-07,1.4992494326153418e-06,3.72058075452493e-06,9.23310081017912e-06,2.291313001800866e-05,5.686188616541104e-05,0.0001411101013151391,0.00035018290872808404,0.0008690240345827419,0.0021565951788608804,0.005351868970711626,0.013281352828950911,0.03295938931472532,0.08179297380246132,0.20297980947302263,0.5037205659401619,1.2500475254648387,260.20000000000005,260.20000000000005,260.20000000000005,260.20000000000005,260.3,260.40000000000003,260.6,261.20000000000005,262.6,265.8,273.3,290.1,325.70000000000005,392.40000000000003,491.0,598.2,694.3000000000001,1000.0,1000.0,1000.0,260.20000000000005,260.20000000000005,260.20000000000005,260.20000000000005,260.20000000000005,260.3,260.5,260.90000000000003,261.90000000000003,264.40000000000003,269.90000000000003,282.40000000000003,308.40000000000003,356.1,429.1,520.9,619.5,1000.0,1000.0,1000.0,31.708544033207886,16.552941176470593,,,,
0,0.0,8.700555489005602e-08,2.7513572253937783e-07,8.700555489005601e-07,2.751357225393778e-06,8.700555489005601e-06,2.7513572253937784e-05,8.700555489005602e-05,0.00027513572253937786,0.0008700555489005603,0.002751357225393779,0.008700555489005604,0.02751357225393779,0.08700555489005604,0.2751357225393779,0.8700555489005605,2.7513572253937797,,,,,,,1.0,0.9999869217550809,0.9999612999734663,0.9998798078730812,0.9996227981908198,0.9988217586509079,0.9963308442027862,0.9886347460608672,0.9653476147740127,0.8992420097785507,0.740910333667688,0.4777841468513683,0.2246564022074661,0.08156695663714862,0.025213181188493493,0.006472450788456575,0.0,,,,,,,0.9985917176020822,0.007964337838973714,-90.89,251.0,0.2816,0.9900249999999999,1000000.0,8.7005554890056e-08,2.1591550146262984e-07,5.358221533184799e-07,1.3297117531718466e-06,3.299851145707314e-06,8.189006044243518e-06,2.032207424868028e-05,5.04318472275624e-05,0.0001251531307120072,0.00031058362895849495,0.0007707533165830223,0.0019127237228048352,0.004746670511908603,0.011779474829529084,0.02923228543278774,0.07254368501062777,0.180026506891538,0.44675898637932354,1.1086900221361942,2.7513572253937797,260.20000000000005,260.20000000000005,260.20000000000005,260.20000000000005,260.3,260.40000000000003,260.70000000000005,261.5,263.3,267.90000000000003,278.8,304.0,356.90000000000003,448.0,561.2,667.6,1000.0,1000.0,1000.0,1000.0,260.20000000000005,260.20000000000005,260.20000000000005,260.20000000000005,260.20000000000005,260.3,260.6,261.1,262.5,266.0,274.1,292.6,330.40000000000003,395.20000000000005,484.9,587.0,689.5,1000.0,1000.0,1000.0,31.58780421301868,15.981250000000003,,,,
0,0.0,6.562455465846711e-06,2.0752306315496928e-05,6.56245546584671e-05,0.00020752306315496928,0.000656245546584671,0.0020752306315496927,0.006562455465846711,0.02075230631549693,0.06562455465846712,0.20752306315496932,0.6562455465846713,2.075230631549694,6.562455465846714,,,,,,,,,,1.0,0.9999946097544714,0.9999766648514694,0.9998790597541056,0.9993715897437313,0.9967415738497544,0.9832697279502599,0.9186672760788616,0.684897661632602,0.29418197820615316,0.07186866504378193,0.01440723351043526,0.0024032893278313743,0.0,,,,,,,,,,1.4384950366842748,0.008249791258218215,-90.89,251.0,0.2816,1.4344000000000001,1000000.0,6.56245546584671e-06,1.3578626510003329e-05,2.8096053201082706e-05,5.813461360738733e-05,0.00012028854284593906,0.00024889360472434057,0.0005149952356810646,0.001065596253740377,0.0022048657877074725,0.00456217176509269,0.009439763331739964,0.019532173786414166,0.040414764588421616,0.08362372844919258,0.17302904101902664,0.35802097791124105,0.7407948392341059,1.5328068121525975,3.171588946017104,6.562455465846714,260.20000000000005,260.20000000000005,260.20000000000005,260.20000000000005,260.20000000000005,260.3,260.6,261.40000000000003,263.70000000000005,270.20000000000005,287.8,332.20000000000005,424.1,553.4,676.4000000000001,1000.0,1000.0,1000.0,1000.0,1000.0,260.20000000000005,260.20000000000005,260.20000000000005,260.20000000000005,260.20000000000005,260.3,260.5,261.1,262.90000000000003,267.8,280.8,312.70000000000005,377.20000000000005,476.6,593.9000000000001,1000.0,1000.0,1000.0,1000.0,1000.0,31.979003528356948,15.753333333333334,,,,
0,0.0,3.8531404073281653e-07,1.2184699831585946e-06,3.853140407328165e-06,1.2184699831585947e-05,3.853140407328165e-05,0.00012184699831585946,0.0003853140407328165,0.0012184699831585947,0.0038531404073281657,0.012184699831585948,0.03853140407328166,0.12184699831585949,0.3853140407328166,1.218469983158595,3.8531404073281665,,,,,,,,1.0,0.999989889887072,0.9999651359996857,0.9998799532619189,0.9995676025121786,0.9984561555865229,0.9945015276653976,0.9806075527401854,0.9339475486146184,0.7982197673232615,0.525259658451614,0.2348212271650444,0.0761680610187664,0.021093749446129958,0.004856492126246815,0.0,,,,,,,,1.1148052795497916,0.00809666460611289,-90.89,251.0,0.2816,1.1081999999999999,1000000.0,3.853140407328167e-07,8.999862772815054e-07,2.102117269732907e-06,4.909960437460271e-06,1.1468300006159078e-05,2.678675453835213e-05,6.256639766247631e-05,0.00014613767826387604,0.00034133691256392,0.0007972679548684855,0.0018621958788038976,0.004349570893773409,0.01015938611791606,0.023729496268392682,0.05542549388477882,0.12945851600160113,0.30237903518148673,0.7062732042761557,1.6496574862708897,3.853140407328167,260.20000000000005,260.20000000000005,260.20000000000005,260.20000000000005,260.3,260.40000000000003,260.70000000000005,261.5,263.5,268.6,281.3,311.5,374.8,478.9,597.3000000000001,702.5,1000.0,1000.0,1000.0,1000.0,260.20000000000005,260.20000000000005,260.20000000000005,260.20000000000005,260.20000000000005,260.3,260.6,261.20000000000005,262.70000000000005,266.5,276.0,298.0,342.8,417.6,516.4,624.0,1000.0,1000.0,1000.0,1000.0,33.26433901342398,17.1875,,,,
