,drug_conc_Hill,drug_conc_Hill,drug_conc_Hill,drug_conc_Hill,drug_conc_Hill,drug_conc_Hill,drug_conc_Hill,drug_conc_Hill,drug_conc_Hill,drug_conc_Hill,drug_conc_Hill,drug_conc_Hill,drug_conc_Hill,drug_conc_Hill,drug_conc_Hill,drug_conc_Hill,drug_conc_Hill,drug_conc_Hill,drug_conc_Hill,drug_conc_Hill,peak_current,peak_current,peak_current,peak_current,peak_current,peak_current,peak_current,peak_current,peak_current,peak_current,peak_current,peak_current,peak_current,peak_current,peak_current,peak_current,peak_current,peak_current,peak_current,peak_current,Hill_curve,Hill_curve,param_values,param_values,param_values,param_values,param_values,drug_conc_AP,drug_conc_AP,drug_conc_AP,drug_conc_AP,drug_conc_AP,drug_conc_AP,drug_conc_AP,drug_conc_AP,drug_conc_AP,drug_conc_AP,drug_conc_AP,drug_conc_AP,drug_conc_AP,drug_conc_AP,drug_conc_AP,drug_conc_AP,drug_conc_AP,drug_conc_AP,drug_conc_AP,drug_conc_AP,APD_trapping,APD_trapping,APD_trapping,APD_trapping,APD_trapping,APD_trapping,APD_trapping,APD_trapping,APD_trapping,APD_trapping,APD_trapping,APD_trapping,APD_trapping,APD_trapping,APD_trapping,APD_trapping,APD_trapping,APD_trapping,APD_trapping,APD_trapping,APD_conductance,APD_conductance,APD_conductance,APD_conductance,APD_conductance,APD_conductance,APD_conductance,APD_conductance,APD_conductance,APD_conductance,APD_conductance,APD_conductance,APD_conductance,APD_conductance,APD_conductance,APD_conductance,APD_conductance,APD_conductance,APD_conductance,APD_conductance,RMSE,ME,drug_conc_Hill,peak_current
,conc_0,conc_1,conc_2,conc_3,conc_4,conc_5,conc_6,conc_7,conc_8,conc_9,conc_10,conc_11,conc_12,conc_13,conc_14,conc_15,conc_16,conc_17,conc_18,conc_19,conc_0,conc_1,conc_2,conc_3,conc_4,conc_5,conc_6,conc_7,conc_8,conc_9,conc_10,conc_11,conc_12,conc_13,conc_14,conc_15,conc_16,conc_17,conc_18,conc_19,Hill_coef,IC50,Vhalf,Kmax,Ku,N,EC50,conc_0,conc_1,conc_2,conc_3,conc_4,conc_5,conc_6,conc_7,conc_8,conc_9,conc_10,conc_11,conc_12,conc_13,conc_14,conc_15,conc_16,conc_17,conc_18,conc_19,conc_0,conc_1,conc_2,conc_3,conc_4,conc_5,conc_6,conc_7,conc_8,conc_9,conc_10,conc_11,conc_12,conc_13,conc_14,conc_15,conc_16,conc_17,conc_18,conc_19,conc_0,conc_1,conc_2,conc_3,conc_4,conc_5,conc_6,conc_7,conc_8,conc_9,conc_10,conc_11,conc_12,conc_13,conc_14,conc_15,conc_16,conc_17,conc_18,conc_19,RMSE,ME,conc_20,conc_20
0,0.0,5.421485958676428e-13,1.714424393203902e-12,5.421485958676429e-12,1.7144243932039018e-11,5.421485958676429e-11,1.7144243932039018e-10,5.421485958676429e-10,1.714424393203902e-09,5.421485958676429e-09,1.7144243932039022e-08,5.42148595867643e-08,1.7144243932039025e-07,5.421485958676431e-07,1.7144243932039028e-06,5.421485958676432e-06,1.714424393203903e-05,5.421485958676432e-05,0.0001714424393203,0.0005421485958676,1.0,0.9998168668513304,0.999616196362556,0.9991886284228496,0.998299902564212,0.9964222386767584,0.9924838118114552,0.9842656951695344,0.967345466977704,0.9334584954499808,0.869126190931729,0.7586326552208783,0.5976991761193259,0.4115133024830414,0.245712994744301,0.1291708214494826,0.0604943111025768,0.0256175763238065,0.0086624091164422,0.0,0.6627540044124227,4.849905805533027e-05,-82.11,33540.0,0.02325,0.65,9950000.0,5.421485958676428e-13,1.6136247548890509e-12,4.80271436546602e-12,1.4294565825398206e-11,4.254565160191783e-11,1.2663081148051172e-10,3.7689779830496556e-10,1.1217803053326522e-09,3.338812428970454e-09,9.937479186302756e-09,2.95774305023335e-08,8.803282791537049e-08,2.620166342767948e-07,7.798535871611241e-07,2.3211183484083624e-06,6.908463942482137e-06,2.0562016614664696e-05,6.11997877939044e-05,0.0001821520766279,0.0005421485958676,276.40000000000003,276.5,276.5,276.70000000000005,277.0,277.5,278.70000000000005,281.1,285.90000000000003,295.6,314.5,350.1,409.6,491.4,581.2,666.9000000000001,1000.0,1000.0,1000.0,1000.0,276.40000000000003,276.40000000000003,276.5,276.6,276.8,277.20000000000005,278.1,280.0,283.70000000000005,291.0,305.0,330.20000000000005,371.3,430.0,503.0,583.2,664.6,1000.0,1000.0,1000.0,34.34363114174156,18.762500000000003,,
0,0.0,4.355064087163017e-12,1.3771921871437202e-11,4.3550640871630166e-11,1.3771921871437204e-10,4.3550640871630157e-10,1.37719218714372e-09,4.355064087163017e-09,1.3771921871437204e-08,4.355064087163018e-08,1.3771921871437206e-07,4.355064087163018e-07,1.3771921871437208e-06,4.355064087163018e-06,1.3771921871437208e-05,4.3550640871630187e-05,0.0001377192187143,0.0004355064087163,,,1.0,0.9996341934411286,0.9992107251734498,0.998293561259188,0.9963055308321476,0.992013077935278,0.9828001299304112,0.9633256418564918,0.9235344264480962,0.8473651588453606,0.7183024976212153,0.5386887690890595,0.3466316204306398,0.1912384362036957,0.0916916030795303,0.0377168855018579,0.0124800053381356,0.0,,,0.6930589587396851,4.508969494803014e-05,-82.11,33540.0,0.02325,0.6754,9950000.0,4.355064087163018e-12,1.1482783639446663e-11,3.0276091802873274e-11,7.982748466208889e-11,2.1047720917768035e-10,5.549549227405875e-10,1.4632223957988119e-09,3.858006644925321e-09,1.0172216687650033e-08,2.6820584271572374e-08,7.07165176241147e-08,1.8645476974870337e-07,4.916161362304803e-07,1.2962201274224406e-06,3.417679963920761e-06,9.01122894844442e-06,2.375946490558098e-05,6.264541449665242e-05,0.0001651740884339,0.0004355064087163,276.5,276.5,276.6,276.90000000000003,277.3,278.1,279.70000000000005,282.8,288.70000000000005,299.8,320.3,356.5,413.7000000000001,489.7000000000001,572.6,652.6,1000.0,1000.0,1000.0,1000.0,276.40000000000003,276.5,276.6,276.70000000000005,277.0,277.70000000000005,278.90000000000003,281.20000000000005,285.70000000000005,294.1,309.20000000000005,334.90000000000003,374.8,429.9,497.4,571.6,647.4000000000001,1000.0,1000.0,1000.0,33.48511796305936,18.73125,,
0,0.0,1.0340031449203034e-11,3.269805045725323e-11,1.0340031449203032e-10,3.269805045725321e-10,1.034003144920303e-09,3.269805045725323e-09,1.0340031449203036e-08,3.269805045725324e-08,1.0340031449203037e-07,3.269805045725324e-07,1.0340031449203038e-06,3.269805045725324e-06,1.0340031449203038e-05,3.269805045725324e-05,0.000103400314492,0.0003269805045725,0.0010340031449203,,,1.0,0.9996569821696488,0.9992339919905988,0.9983008149050634,0.9962144094002794,0.991568089823376,0.9813218739873624,0.9591322209726824,0.9128789802417514,0.8239206826818266,0.6761994967552545,0.4817747968824445,0.2908307358978877,0.1505994728654455,0.0682868068772414,0.0276200447725272,0.009003970662589,0.0,,,0.7137431329107894,4.913232391518181e-05,-82.11,33540.0,0.02325,0.7008000000000001,9950000.0,1.0340031449203038e-11,2.726305321344133e-11,7.188315375735388e-11,1.8953078195789944e-10,4.997265065863626e-10,1.3176043427103135e-09,3.4740626743781677e-09,9.159890472644817e-09,2.4151433446970576e-08,6.367889870358135e-08,1.6789902549695733e-07,4.426911164725043e-07,1.167221930107173e-06,3.077556751034857e-06,8.114442773509747e-06,2.139495283147056e-05,5.64110216113904e-05,0.0001487361708299,0.0003921653584925,0.0010340031449203,276.5,276.5,276.6,276.90000000000003,277.3,278.20000000000005,280.0,283.6,290.5,303.8,328.8,372.6,439.5,522.7,608.3000000000001,688.3000000000001,1000.0,1000.0,1000.0,1000.0,276.40000000000003,276.5,276.6,276.70000000000005,277.1,277.8,279.20000000000005,281.90000000000003,287.1,297.1,315.3,345.8,392.1,454.0,526.8000000000001,604.4000000000001,682.0,1000.0,1000.0,1000.0,36.74968537280285,20.95625,,
0,0.0,2.3108930116528928e-11,7.307685345789169e-11,2.3108930116528928e-10,7.307685345789166e-10,2.3108930116528926e-09,7.307685345789169e-09,2.3108930116528933e-08,7.30768534578917e-08,2.310893011652893e-07,7.307685345789171e-07,2.3108930116528933e-06,7.307685345789171e-06,2.310893011652893e-05,7.307685345789172e-05,0.0002310893011652,0.0007307685345789,,,,1.0,0.9996751524251382,0.999243250877847,0.9982932320562712,0.996076922292176,0.9910259591595606,0.979563058119846,0.9541093111791754,0.9001726729665596,0.7962199291975632,0.6283452550784188,0.4210060543551814,0.2353472257209202,0.1112891005599565,0.0442677569821593,0.0140222142169416,0.0,,,,0.7455018880776721,4.4874543160920576e-05,-82.11,33540.0,0.02325,0.7262000000000001,9950000.0,2.3108930116528947e-11,5.7347789352993275e-11,1.4231593271914148e-10,3.5317533481632167e-10,8.764501257127646e-10,2.175023981392772e-09,5.397602420087994e-09,1.3394846279664429e-08,3.3241037944568475e-08,8.249192118835744e-08,2.047143375214041e-07,5.08025020912496e-07,1.2607295854212324e-06,3.1286630030574144e-06,7.764180598196795e-06,1.9267815134613715e-05,4.781556731793049e-05,0.000118660494818,0.0002944713159385,0.0007307685345789,276.5,276.5,276.6,276.8,277.20000000000005,278.0,279.5,282.3,287.8,298.20000000000005,317.70000000000005,352.40000000000003,408.2000000000001,483.6,567.2,648.1,1000.0,1000.0,1000.0,1000.0,276.40000000000003,276.5,276.5,276.70000000000005,277.0,277.6,278.70000000000005,280.8,285.0,292.90000000000003,307.3,332.1,371.0,425.4,492.80000000000007,567.3000000000001,643.8000000000001,1000.0,1000.0,1000.0,32.971938826826666,18.2875,,
0,0.0,4.891384142030054e-11,1.5467914799643514e-10,4.891384142030054e-10,1.546791479964351e-09,4.891384142030054e-09,1.5467914799643517e-08,4.8913841420300564e-08,1.546791479964352e-07,4.891384142030055e-07,1.546791479964352e-06,4.891384142030056e-06,1.546791479964352e-05,4.891384142030056e-05,0.0001546791479964,0.000489138414203,0.0015467914799643,,,,1.0,0.999695214616026,0.9992753923828328,0.9983002213263203,0.9959826315673768,0.99052919786705,0.9778129774998532,0.9488913350993172,0.8866377560246053,0.7670996214206318,0.5806453625278782,0.3665183497693629,0.1920074458463155,0.0856747168061136,0.0330497302659724,0.0104007516260354,0.0,,,,0.7661034533370579,4.867782820854288e-05,-82.11,33540.0,0.02325,0.7516,9950000.0,4.891384142030058e-11,1.21386003595672e-10,3.0123501735059373e-10,7.47553531628487e-10,1.8551504654580701e-09,4.603795051294952e-09,1.1424910954106572e-08,2.8352389464546174e-08,7.036010972675183e-08,1.746076833118799e-07,4.333114770562946e-07,1.0753182940600455e-06,2.6685409797949616e-06,6.622328477234507e-06,1.6434161885631093e-05,4.078349145796476e-05,0.0001012094919763,0.0002511644025541,0.0006232968457653,0.0015467914799643,276.5,276.5,276.6,276.8,277.20000000000005,278.1,279.70000000000005,283.0,289.3,301.70000000000005,325.0,366.6,431.4,514.0,600.3000000000001,681.4000000000001,1000.0,1000.0,1000.0,1000.0,276.40000000000003,276.5,276.6,276.70000000000005,277.0,277.70000000000005,278.90000000000003,281.40000000000003,286.20000000000005,295.5,312.6,341.70000000000005,386.5,447.3,519.8000000000001,597.7,675.9000000000001,1000.0,1000.0,1000.0,36.03477487094932,20.35,,
0,0.0,3.8023039315566624e-10,1.2023940779932034e-09,3.8023039315566624e-09,1.2023940779932034e-08,3.802303931556664e-08,1.2023940779932034e-07,3.802303931556665e-07,1.2023940779932037e-06,3.802303931556664e-06,1.202394077993204e-05,3.802303931556665e-05,0.0001202394077993,0.0003802303931556,0.0012023940779932,0.0038023039315566,,,,,1.0,0.999738549604343,0.9993110551894918,0.998302924038574,0.995585626441304,0.9886674204513648,0.9710555206546032,0.9280604799361284,0.8322109302678038,0.6558337218673314,0.4216770977361919,0.2157331680130505,0.0908249844169159,0.0327267951382948,0.0096663904233098,0.0,,,,,0.8443197882574056,5.054736975133408e-05,-82.11,33540.0,0.02325,0.8311,9950000.0,3.802303931556658e-10,8.881122924942661e-10,2.0743829485417022e-09,4.845180788023323e-09,1.1316992788209092e-08,2.6433343020958053e-08,6.174092679387536e-08,1.442096082339762e-07,3.368334780011737e-07,7.867491860756365e-07,1.837626964706043e-06,4.292184753642828e-06,1.0025348078384846e-05,2.341642074178488e-05,5.4694236655834274e-05,0.0001277505027925,0.0002983895920595,0.0006969549763265,0.0016278927011951,0.0038023039315566,276.40000000000003,276.5,276.6,276.8,277.20000000000005,278.0,279.6,282.8,289.20000000000005,302.0,326.70000000000005,371.2000000000001,440.4,526.9,615.4000000000001,697.7,1000.0,1000.0,1000.0,1000.0,276.40000000000003,276.5,276.5,276.70000000000005,277.0,277.6,278.8,281.3,286.20000000000005,295.8,313.70000000000005,344.70000000000005,392.4,456.7000000000001,532.6,613.0,693.0,1000.0,1000.0,1000.0,37.23554249638376,21.093750000000004,,
0,0.0,1.215016285616316e-09,3.842218856745239e-09,1.2150162856163162e-08,3.842218856745239e-08,1.215016285616316e-07,3.8422188567452393e-07,1.215016285616316e-06,3.84221885674524e-06,1.2150162856163163e-05,3.84221885674524e-05,0.0001215016285616,0.0003842218856745,0.0012150162856163,0.0038422188567452,,,,,,1.0,0.9997735346762112,0.9993697419604642,0.9982985914815335,0.9953132421680736,0.987201044689744,0.9653828421080614,0.9098139695926588,0.7848475041344858,0.5682557937100494,0.3198653046124187,0.1401021890880967,0.049264833232093,0.0138967002604804,0.0,,,,,,0.9020261810910232,4.814079070295612e-05,-82.11,33540.0,0.02325,0.8840749999999999,9950000.0,1.215016285616317e-09,2.671082870546881e-09,5.872088947112232e-09,1.2909157174797031e-08,2.837939623608168e-08,6.238905606455207e-08,1.3715564222176848e-07,3.015219556103226e-07,6.628636506843134e-07,1.4572345768624177e-06,3.203573781442281e-06,7.042713051210691e-06,1.5482648599828087e-05,3.403694086678008e-05,7.482656059128976e-05,0.0001644981607435,0.0003616315473299,0.0007950081352468,0.0017477400403124,0.0038422188567452,276.40000000000003,276.5,276.6,276.70000000000005,277.1,277.70000000000005,279.0,281.70000000000005,287.0,297.5,317.70000000000005,354.90000000000003,415.7000000000001,497.2000000000001,585.4000000000001,669.3000000000001,1000.0,1000.0,1000.0,1000.0,276.40000000000003,276.5,276.5,276.6,276.90000000000003,277.40000000000003,278.40000000000003,280.40000000000003,284.5,292.40000000000003,307.3,333.6,375.6,434.6,506.9,585.9000000000001,665.9000000000001,1000.0,1000.0,1000.0,34.677883802216094,19.15625000000001,,
0,0.0,3.404636686142875e-09,1.0766406533579317e-08,3.4046366861428745e-08,1.0766406533579316e-07,3.404636686142875e-07,1.0766406533579315e-06,3.404636686142876e-06,1.0766406533579315e-05,3.4046366861428753e-05,0.0001076640653357,0.0003404636686142,0.0010766406533579,0.0034046366861428,0.0107664065335793,,,,,,1.0,0.9998017271546392,0.9994123148090692,0.9983052240750216,0.9950611656651568,0.985618216881788,0.95891091550872,0.8881801858214998,0.730006768811081,0.4788415185333705,0.2356573299741672,0.0908460024555009,0.0297847011874961,0.0079605407832443,0.0,,,,,,0.9482237583667148,5.285685269143808e-05,-82.11,33540.0,0.02325,0.93705,9950000.0,3.4046366861428794e-09,7.484728262863386e-09,1.6454371591810646e-08,3.617316954908501e-08,7.952283002275769e-08,1.7482240493875585e-07,3.843282898737872e-07,8.449044872083504e-07,1.857431813669596e-06,4.083364444934197e-06,8.976838378368961e-06,1.973461550103124e-05,4.3384433645590855e-05,9.537602000152068e-05,0.000209673941249,0.0004609456510999,0.0010133395309032,0.0022277181755392,0.0048973992608423,0.0107664065335793,276.40000000000003,276.5,276.6,276.70000000000005,277.1,277.8,279.40000000000003,282.70000000000005,289.5,303.40000000000003,330.90000000000003,381.2000000000001,458.2000000000001,550.6,641.9000000000001,1000.0,1000.0,1000.0,1000.0,1000.0,276.40000000000003,276.5,276.5,276.6,276.90000000000003,277.5,278.70000000000005,281.3,286.5,296.90000000000003,316.70000000000005,351.3,404.4,474.9,556.0,640.2,1000.0,1000.0,1000.0,1000.0,33.81640627466697,18.12000000000001,,
0,0.0,8.544178854076624e-09,2.7019065914729574e-08,8.544178854076627e-08,2.701906591472957e-07,8.544178854076623e-07,2.701906591472957e-06,8.544178854076624e-06,2.7019065914729573e-05,8.544178854076625e-05,0.0002701906591472,0.0008544178854076,0.0027019065914729,0.0085441788540766,0.0270190659147295,,,,,,1.0,0.9998232386973608,0.9994441953891822,0.9983092725668934,0.9947342681169457,0.98380420700674,0.9511458329054486,0.8618431606719992,0.6665285890606786,0.3897003169202342,0.1672238092130361,0.057110613802499,0.0179650353298637,0.0042680083519416,0.0,,,,,,0.9979545041575588,5.519013536476923e-05,-82.11,33540.0,0.02325,0.990025,9950000.0,8.544178854076639e-09,1.87834599833667e-08,4.1293420347632327e-08,9.07791517386154e-08,1.9956821985212645e-07,4.387293074694477e-07,9.644992843812768e-07,2.1203481366167378e-06,4.661357756567089e-06,1.02474946257543e-05,2.252801685451407e-05,4.952542664640948e-05,0.0001088763338712,0.0002393529320175,0.0005261917262311,0.0011567760228386,0.0025430479049886,0.0055906178200317,0.0122903731181563,0.0270190659147295,276.40000000000003,276.5,276.5,276.70000000000005,277.1,278.0,279.8,283.8,292.5,310.90000000000003,347.8,413.4,504.9,603.4000000000001,695.1,1000.0,1000.0,1000.0,1000.0,1000.0,276.40000000000003,276.40000000000003,276.5,276.70000000000005,277.0,277.6,279.1,282.20000000000005,288.8,302.40000000000003,328.40000000000003,372.8,438.0,519.1,607.1,694.9000000000001,1000.0,1000.0,1000.0,1000.0,37.80651619319965,20.95333333333333,,
0,0.0,1.952889970159727e-08,6.175580325403e-08,1.952889970159727e-07,6.175580325402998e-07,1.952889970159727e-06,6.175580325402997e-06,1.952889970159727e-05,6.175580325402999e-05,0.0001952889970159,0.0006175580325402,0.0019528899701597,0.006175580325403,0.0195288997015972,,,,,,,1.0,0.9998474237271424,0.9994847395994424,0.998306097728973,0.9944110238924893,0.9817332540798296,0.941855314921054,0.8299528964663716,0.5952253241108814,0.3054366838948772,0.1131551443676354,0.0337040004321079,0.008245961330612,0.0,,,,,,,1.0542096947070418,5.3533428464306e-05,-82.11,33540.0,0.02325,1.043,9950000.0,1.952889970159727e-08,4.0407990054846174e-08,8.360971100378997e-08,1.730000369889441e-07,3.5796096456809146e-07,7.4067066334042e-07,1.5325498750822123e-06,3.17105730774032e-06,6.561355432842839e-06,1.3576350389824536e-05,2.809134359414357e-05,5.812486878032236e-05,0.0001202683794531,0.0002488518838805,0.0005149089094943,0.0010654176329399,0.0022044961966072,0.0045614070300728,0.0094381809893884,0.0195288997015972,276.40000000000003,276.5,276.5,276.70000000000005,277.0,277.6,279.1,282.1,288.5,301.8,328.90000000000003,379.4,458.1,553.1,646.6,1000.0,1000.0,1000.0,1000.0,1000.0,276.40000000000003,276.40000000000003,276.5,276.6,276.8,277.40000000000003,278.5,280.8,285.70000000000005,295.70000000000005,315.3,350.0,404.2000000000001,476.7000000000001,560.1,646.5,1000.0,1000.0,1000.0,1000.0,33.98130858771235,18.079999999999995,,
0,0.0,1.0896860640896946e-07,3.44588989706765e-07,1.0896860640896946e-06,3.44588989706765e-06,1.0896860640896944e-05,3.44588989706765e-05,0.0001089686064089,0.0003445889897067,0.0010896860640896,0.0034458898970676,0.0108968606408969,0.0344588989706765,,,,,,,,1.0,0.9998883999709424,0.9995575521282029,0.9983068987819214,0.9935179576011298,0.9755013333790435,0.9116923161766212,0.7281762769115326,0.4092167807595525,0.1489420888153571,0.0397289630266083,0.008690366010437,0.0,,,,,,,,1.1850909542775294,5.41091910199656e-05,-82.11,33540.0,0.02325,1.1736,9950000.0,1.0896860640896954e-07,2.122145128639609e-07,4.132841646250626e-07,8.048639012701665e-07,1.5674587971584455e-06,3.052599423221853e-06,5.944885604359802e-06,1.1577563888688436e-05,2.254710931668081e-05,4.39101129932046e-05,8.55142003347431e-05,0.0001665374548232,0.0003243288687778,0.0006316249712977,0.0012300789191851,0.0023955578328624,0.0046653082506202,0.0090856086940292,0.0176940688388696,0.0344588989706765,276.40000000000003,276.40000000000003,276.5,276.6,276.90000000000003,277.40000000000003,278.70000000000005,281.40000000000003,287.20000000000005,299.8,325.90000000000003,376.1,456.4,554.3000000000001,650.5,1000.0,1000.0,1000.0,1000.0,1000.0,276.40000000000003,276.40000000000003,276.5,276.6,276.8,277.20000000000005,278.20000000000005,280.3,284.8,294.20000000000005,313.20000000000005,347.70000000000005,402.9,477.4,563.5,652.5,1000.0,1000.0,1000.0,1000.0,34.01111582997537,17.893333333333338,,
0,0.0,2.2445414970884957e-07,7.097863433563838e-07,2.244541497088495e-06,7.097863433563839e-06,2.244541497088495e-05,7.097863433563838e-05,0.0002244541497088,0.0007097863433563,0.0022445414970884,0.0070978634335638,0.0224454149708849,0.0709786343356383,,,,,,,,1.0,0.9999003089957812,0.9995880050529592,0.9983091076597458,0.9930322906282536,0.9716848406707356,0.8920020489420337,0.6653608785074433,0.3226962456728325,0.0996086167416038,0.0243748754761435,0.0046310753101027,0.0,,,,,,,,1.2469940725357107,5.602505534272402e-05,-82.11,33540.0,0.02325,1.2388,9950000.0,2.2445414970884965e-07,4.3712064979512577e-07,8.51285051869901e-07,1.657863200644479e-06,3.228660465743972e-06,6.287761498660294e-06,1.224530887763219e-05,2.384753135763278e-05,4.6442662862682096e-05,9.044629825327368e-05,0.0001761426318707,0.0003430347881732,0.000668054432066,0.0013010246761845,0.0025337234913721,0.0049343835272657,0.0096096282317551,0.0187145880011714,0.0364463427311613,0.0709786343356383,276.40000000000003,276.40000000000003,276.5,276.6,276.90000000000003,277.5,278.90000000000003,282.20000000000005,289.6,305.90000000000003,340.8,406.4,502.1,606.2,702.7,1000.0,1000.0,1000.0,1000.0,1000.0,276.40000000000003,276.40000000000003,276.5,276.6,276.8,277.3,278.40000000000003,280.90000000000003,286.6,298.8,323.6,368.0,435.6,521.3000000000001,614.4000000000001,1000.0,1000.0,1000.0,1000.0,1000.0,37.64655805426749,20.5,,
0,0.0,4.301017970213698e-07,1.3601013043189523e-06,4.301017970213697e-06,1.3601013043189523e-05,4.301017970213697e-05,0.0001360101304318,0.0004301017970213,0.0013601013043189,0.0043010179702136,0.0136010130431895,0.0430101797021369,0.1360101304318953,,,,,,,,1.0,0.9999151691336764,0.9996214487018448,0.9983101592033484,0.9925017693904726,0.9672667099055596,0.8684062074837497,0.595929821559517,0.2463255046113471,0.0648695096740703,0.014668517489643,0.002389833078658,0.0,,,,,,,,1.311330280816485,5.666521166522462e-05,-82.11,33540.0,0.02325,1.304,9950000.0,4.301017970213697e-07,8.376159551333963e-07,1.6312428665792636e-06,3.1768178166352527e-06,6.186798818777123e-06,1.204868577089598e-05,2.346461119200984e-05,4.569693233449237e-05,8.899400069728198e-05,0.0001733143070115,0.0003375266734786,0.0006573274721163,0.0012801341036127,0.0024930394555946,0.0048551520575939,0.0094553262883423,0.0184140875833502,0.035861123263969,0.069838929348657,0.1360101304318953,276.40000000000003,276.40000000000003,276.5,276.6,276.90000000000003,277.6,279.20000000000005,283.20000000000005,292.40000000000003,313.6,359.5,441.7000000000001,549.3000000000001,656.1,1000.0,1000.0,1000.0,1000.0,1000.0,1000.0,276.40000000000003,276.40000000000003,276.5,276.6,276.8,277.3,278.6,281.70000000000005,288.70000000000005,304.40000000000003,336.3,392.0,472.30000000000007,567.3000000000001,665.8000000000001,1000.0,1000.0,1000.0,1000.0,1000.0,34.768427796329405,18.15,,
0,0.0,7.746677617934247e-07,2.4497145571719864e-06,7.746677617934245e-06,2.4497145571719863e-05,7.746677617934246e-05,0.0002449714557171,0.0007746677617934,0.0024497145571719,0.0077466776179342,0.0244971455717198,0.0774667761793424,,,,,,,,,1.0,0.9999260766303312,0.9996478841070892,0.9983094759763652,0.9919170254058156,0.9621356658022536,0.8403699437009746,0.5216770851498398,0.1816986160559049,0.0406770992757752,0.0072794997750711,0.0,,,,,,,,,1.37991527603483,5.5316998938141946e-05,-82.11,33540.0,0.02325,1.3692000000000002,9950000.0,7.746677617934247e-07,1.4199510646710848e-06,2.602742911868076e-06,4.770777552710035e-06,8.744743229789858e-06,1.602894566138736e-05,2.9380748212304257e-05,5.385434474297833e-05,9.871397510839956e-05,0.0001809408122632,0.0003316610186809,0.0006079282497772,0.0011143207554118,0.00204252845035,0.0037439152508181,0.006862524437741,0.0125788749219955,0.0230568350959916,0.042262733983797,0.0774667761793424,276.40000000000003,276.40000000000003,276.5,276.6,276.8,277.20000000000005,278.3,280.8,286.5,299.20000000000005,327.0,382.2000000000001,470.7000000000001,575.3000000000001,675.3000000000001,1000.0,1000.0,1000.0,1000.0,1000.0,276.40000000000003,276.40000000000003,276.40000000000003,276.5,276.70000000000005,277.0,277.90000000000003,279.8,284.20000000000005,293.90000000000003,313.90000000000003,351.70000000000005,412.7000000000001,494.4,587.0,680.9000000000001,1000.0,1000.0,1000.0,1000.0,35.44213123764806,18.68666666666667,,
0,0.0,1.3225996868557106e-06,4.182427443089507e-06,1.3225996868557104e-05,4.1824274430895073e-05,0.0001322599686855,0.0004182427443089,0.0013225996868557,0.0041824274430895,0.0132259968685571,0.041824274430895,0.1322599686855711,,,,,,,,,1.0,0.9999323238489092,0.999673667867554,0.9983097781325648,0.9912928999619376,0.9563252523335662,0.8080051796781776,0.4470593407559191,0.131682389882,0.0266680979091171,0.0041273553470044,0.0,,,,,,,,,1.4426244081572648,5.658381385710143e-05,-82.11,33540.0,0.02325,1.4344,9950000.0,1.322599686855711e-06,2.4242997141595406e-06,4.443694613331021e-06,8.145206511065768e-06,1.49300064205303e-05,2.736641378143648e-05,5.016210858603196e-05,9.194617745287876e-05,0.0001685355697059,0.00030892244836,0.0005662488889871,0.0010379232910437,0.0019024933718068,0.0034872336530086,0.0063920320201304,0.0117164713959224,0.0214760660677458,0.0393652148467412,0.0721556794918512,0.1322599686855711,276.40000000000003,276.40000000000003,276.5,276.6,276.8,277.3,278.5,281.40000000000003,288.3,304.3,339.90000000000003,409.2000000000001,511.0,620.2,1000.0,1000.0,1000.0,1000.0,1000.0,1000.0,276.40000000000003,276.40000000000003,276.40000000000003,276.5,276.70000000000005,277.1,278.0,280.3,285.6,297.6,322.90000000000003,369.8,442.2000000000001,533.7,632.0,1000.0,1000.0,1000.0,1000.0,1000.0,31.747620833244,15.942857142857138,,
0,0.0,2.0065972132802209e-10,6.345417540512167e-10,2.006597213280221e-09,6.345417540512169e-09,2.0065972132802213e-08,6.345417540512169e-08,2.0065972132802218e-07,6.34541754051217e-07,2.0065972132802217e-06,6.34541754051217e-06,2.006597213280222e-05,6.345417540512171e-05,0.000200659721328,0.0006345417540512,0.0020065972132802,,,,,1.0,0.9997255183734576,0.999319447399503,0.9982983491950024,0.9957220456858584,0.9893040305639048,0.9734585814294052,0.935617706655646,0.8520490700644722,0.6951516261229581,0.47353742714046,0.2592449453804029,0.1161410641518433,0.0431790262353775,0.0129946216910457,0.0,,,,,0.8219955986207959,4.7423118557606417e-05,-82.11,33540.0,0.02325,0.804575,9950000.0,2.0065972132802188e-10,4.686852190875016e-10,1.0947181284678846e-09,2.5569566352645955e-09,5.972338508519954e-09,1.3949719275023762e-08,3.258265879845336e-08,7.610401567558562e-08,1.777577832974365e-07,4.151926707456917e-07,9.69774434869578e-07,2.2651229676996176e-06,5.290696345785127e-06,1.2357593041286972e-05,2.8863895372812725e-05,6.74180201038497e-05,0.0001574697169601,0.0003678053986352,0.0008590909660396,0.0020065972132802,276.40000000000003,276.5,276.6,276.8,277.1,277.90000000000003,279.3,282.20000000000005,287.8,298.70000000000005,319.5,357.0,417.4,497.6,584.0,666.4000000000001,1000.0,1000.0,1000.0,1000.0,276.40000000000003,276.5,276.5,276.70000000000005,276.90000000000003,277.5,278.6,280.8,285.1,293.3,308.6,335.1,376.9,435.1,506.1,583.5,662.1,1000.0,1000.0,1000.0,34.573165171849695,19.225000000000005,,
0,0.0,4.846352670270907e-08,1.5325512782495066e-07,4.846352670270907e-07,1.5325512782495065e-06,4.846352670270907e-06,1.532551278249506e-05,4.846352670270908e-05,0.0001532551278249,0.000484635267027,0.0015325512782495,0.0048463526702709,0.015325512782495,0.0484635267027091,,,,,,,1.0,0.9998662604978408,0.9995266087559322,0.9983089348765508,0.993994219555575,0.9788710855800812,0.9283338299055216,0.7837652929133745,0.5032820108988743,0.2188496981611574,0.0692957999207997,0.0193057562076189,0.0040742244447166,0.0,,,,,,,1.1160889633753823,5.5734344504527416e-05,-82.11,33540.0,0.02325,1.1082,9950000.0,4.846352670270903e-08,1.0027772864569877e-07,2.0748846702851077e-07,4.293222885208221e-07,8.883270962497842e-07,1.838071423336552e-06,3.803223577834524e-06,7.869394735891054e-06,1.6282864323356445e-05,3.369149464108223e-05,6.971235457153812e-05,0.0001442444875681,0.0002984617622181,0.0006175585979621,0.0012778140123634,0.0026439736335632,0.005470746530669,0.011319729978734,0.0234220843669352,0.0484635267027091,276.40000000000003,276.5,276.5,276.70000000000005,277.0,277.8,279.40000000000003,283.20000000000005,291.5,309.6,347.0,414.7000000000001,509.9,611.4000000000001,705.1,1000.0,1000.0,1000.0,1000.0,1000.0,276.40000000000003,276.40000000000003,276.5,276.6,276.90000000000003,277.5,278.8,281.70000000000005,288.1,301.5,327.8,373.7000000000001,441.6,526.0,617.1,1000.0,1000.0,1000.0,1000.0,1000.0,38.15022061972033,21.07333333333333,,
0,0.0,1.0871390238968073e-07,3.437835448766132e-07,1.0871390238968073e-06,3.4378354487661318e-06,1.0871390238968072e-05,3.437835448766131e-05,0.0001087139023896,0.0003437835448766,0.0010871390238968,0.0034378354487661,0.010871390238968,0.0343783544876613,,,,,,,,1.0,0.9998824293718728,0.999560434792439,0.9983068887331548,0.9935221053818613,0.9755040024296762,0.9117490173911106,0.7283548562591671,0.4094840663609136,0.1491170716608848,0.0397931553534829,0.0087068454208121,0.0,,,,,,,,1.184905623032593,5.409958612607309e-05,-82.11,33540.0,0.02325,1.1733999999999998,9950000.0,1.0871390238968081e-07,2.117184811061995e-07,4.123181511895661e-07,8.02982606488213e-07,1.5637950074775226e-06,3.0454642549564637e-06,5.930989985176059e-06,1.1550502405999066e-05,2.2494407538108476e-05,4.380747717326195e-05,8.531431881611767e-05,0.0001661481889557,0.0003235707801028,0.0006301486064604,0.0012272037237038,0.002389958438426,0.0046544035249215,0.0090643719256763,0.0176527105926797,0.0343783544876613,276.40000000000003,276.40000000000003,276.5,276.6,276.90000000000003,277.40000000000003,278.70000000000005,281.40000000000003,287.20000000000005,299.70000000000005,325.90000000000003,376.1,456.3,554.1,650.3000000000001,1000.0,1000.0,1000.0,1000.0,1000.0,276.40000000000003,276.40000000000003,276.5,276.6,276.8,277.20000000000005,278.20000000000005,280.20000000000005,284.8,294.20000000000005,313.1,347.70000000000005,402.8,477.30000000000007,563.3000000000001,652.4000000000001,1000.0,1000.0,1000.0,1000.0,33.99768619577906,17.89333333333333,,
0,0.0,2.4719498328559137e-14,7.816991733497216e-14,2.4719498328559135e-13,7.816991733497215e-13,2.4719498328559137e-12,7.816991733497214e-12,2.4719498328559135e-11,7.816991733497215e-11,2.471949832855914e-10,7.816991733497216e-10,2.471949832855914e-09,7.816991733497217e-09,2.4719498328559145e-08,7.816991733497218e-08,2.471949832855915e-07,7.81699173349722e-07,2.4719498328559157e-06,7.816991733497222e-06,2.471949832855916e-05,1.0,0.9997676960649433,0.9995477029181895,0.9991228935644535,0.9982968880750669,0.9966941947547197,0.9935924683969068,0.9876168510932729,0.97619817392325,0.9547323114236168,0.9155723143537514,0.8478917050722348,0.7411290952958588,0.5946842755017766,0.4279170704212303,0.2737810272148434,0.15654304997877508,0.08007521416614054,0.0355564717406656,0.012530463624813,0.5964053483523492,4.229557591137131e-05,-82.11,33540.0,0.02325,0.578,9950000.0,2.4719498328559182e-14,7.81699173349723e-14,2.471949832855918e-13,7.816991733497229e-13,2.471949832855918e-12,7.816991733497229e-12,2.471949832855918e-11,7.816991733497229e-11,2.471949832855918e-10,7.816991733497229e-10,2.471949832855918e-09,7.816991733497229e-09,2.471949832855918e-08,7.816991733497229e-08,2.471949832855918e-07,7.816991733497229e-07,2.4719498328559182e-06,7.816991733497229e-06,2.471949832855918e-05,7.81699173349723e-05,260.20000000000005,260.3,260.3,260.5,260.8,261.3,262.40000000000003,264.5,268.6,276.40000000000003,291.40000000000003,319.0,366.20000000000005,436.0,520.2,605.1,684.2,1000.0,1000.0,1000.0,260.20000000000005,260.20000000000005,260.3,260.40000000000003,260.6,261.0,261.8,263.5,266.6,272.70000000000005,284.20000000000005,304.6,338.20000000000005,387.8,452.3,526.8000000000001,605.0,682.6,1000.0,1000.0,34.640659550846415,19.482352941176465,7.816991733497223e-05,0.0
0,0.0,1.7322776720815958e-13,5.477942983632116e-13,1.7322776720815958e-12,5.477942983632115e-12,1.7322776720815956e-11,5.4779429836321156e-11,1.7322776720815958e-10,5.477942983632116e-10,1.7322776720815958e-09,5.477942983632116e-09,1.732277672081596e-08,5.477942983632117e-08,1.7322776720815961e-07,5.477942983632117e-07,1.7322776720815962e-06,5.477942983632117e-06,1.7322776720815962e-05,5.477942983632117e-05,0.00017322776720815963,1.0,0.99979953057326,0.9995910411551532,0.9991664294594351,0.9982987925295295,0.9965287397293906,0.9929322035861955,0.9856595059147398,0.9711209565387545,0.9426928502670828,0.8894511265718645,0.797299882377754,0.6575513338637937,0.4828244169923084,0.3101061293117943,0.1748126135021299,0.08705941185731643,0.03739613562812232,0.012801215380358623,0.0,0.6398791952027661,4.3312053822578394e-05,-82.11,33540.0,0.02325,0.6214,9950000.0,1.732277672081594e-13,5.155867146605787e-13,1.5345672614659724e-12,4.567411480944463e-12,1.3594221745832518e-11,4.0461181491064364e-11,1.2042669586103562e-10,3.584321698368905e-10,1.0668201054210686e-09,3.1752315587312802e-09,9.450605027343088e-09,2.8128321897420792e-08,8.371977143005818e-08,2.491794623888982e-07,7.416456521061126e-07,2.207398105825628e-06,6.569992534528352e-06,1.9554606751650465e-05,5.820138199580827e-05,0.00017322776720815958,260.20000000000005,260.20000000000005,260.3,260.40000000000003,260.70000000000005,261.20000000000005,262.20000000000005,264.20000000000005,268.20000000000005,275.8,290.6,318.20000000000005,366.0,437.20000000000005,523.1,609.4000000000001,689.5,1000.0,1000.0,1000.0,260.20000000000005,260.20000000000005,260.3,260.40000000000003,260.6,260.90000000000003,261.70000000000005,263.3,266.3,272.3,283.6,304.0,337.90000000000003,388.3,454.20000000000005,530.1,609.6,688.3000000000001,1000.0,1000.0,35.036275319093136,19.61764705882354,,
0,0.0,9.414385904463372e-13,2.9770902229888605e-12,9.414385904463373e-12,2.97709022298886e-11,9.414385904463373e-11,2.9770902229888607e-10,9.414385904463373e-10,2.9770902229888607e-09,9.414385904463374e-09,2.977090222988861e-08,9.414385904463374e-08,2.9770902229888615e-07,9.414385904463376e-07,2.9770902229888616e-06,9.414385904463377e-06,2.977090222988862e-05,9.414385904463378e-05,0.0002977090222988862,,1.0,0.999826466391703,0.9996300718156913,0.9992063569920115,0.9982984439438626,0.9963515471506752,0.9921943555359729,0.9833778459502769,0.9649519486249152,0.9275986578627666,0.856326818408648,0.7347635720422633,0.5621472899620802,0.37121528705955675,0.21037486793270097,0.10332373217170725,0.043163383885044294,0.014232949004261511,0.0,,0.6848800416785346,4.308901724821175e-05,-82.11,33540.0,0.02325,0.6648000000000001,9950000.0,9.41438590446336e-13,2.6373053606003772e-12,7.38803320326389e-12,2.069651676592496e-11,5.7978327175489656e-11,1.6241797883605812e-10,4.5499070315264646e-10,1.274591282559294e-09,3.570584907162618e-09,1.0002482171114619e-08,2.802052105882309e-08,7.849547612044938e-08,2.1989383275354488e-07,6.160010751300765e-07,1.7256387767214128e-06,4.834129854555467e-06,1.3542122352572267e-05,3.793631601336067e-05,0.00010627315535900466,0.00029770902229888627,260.20000000000005,260.20000000000005,260.3,260.40000000000003,260.70000000000005,261.1,262.0,263.90000000000003,267.5,274.5,288.3,314.40000000000003,360.40000000000003,430.3,516.4,604.0,685.3000000000001,1000.0,1000.0,1000.0,260.20000000000005,260.20000000000005,260.3,260.3,260.5,260.90000000000003,261.6,263.0,265.8,271.3,281.90000000000003,301.20000000000005,333.90000000000003,383.40000000000003,448.90000000000003,525.2,605.5,685.1,1000.0,1000.0,34.526187844284564,19.164705882352937,,
0,0.0,1.3148020645986848e-11,4.157769196423683e-11,1.3148020645986847e-10,4.157769196423683e-10,1.3148020645986847e-09,4.157769196423683e-09,1.3148020645986848e-08,4.157769196423684e-08,1.314802064598685e-07,4.1577691964236843e-07,1.3148020645986852e-06,4.157769196423685e-06,1.3148020645986853e-05,4.157769196423685e-05,0.00013148020645986855,0.0004157769196423686,0.0013148020645986857,,,1.0,0.9996682172285236,0.9992507902038389,0.9983091811653813,0.9961904759864648,0.9914386144070256,0.9808701816865558,0.9578115933264272,0.909527800031638,0.8165656675979256,0.6632932192496169,0.4650220106623541,0.27548269701573547,0.1400940577302244,0.06252734376160576,0.025251476717837156,0.008148740812605356,0.0,,,0.7201192901944,5.004059851410912e-05,-82.11,33540.0,0.02325,0.7082,9950000.0,1.3148020645986829e-11,3.466674045276644e-11,9.140409237083897e-11,2.41000682297205e-10,6.354346655735545e-10,1.6754193820689352e-09,4.4174960194823145e-09,1.1647394849905861e-08,3.07101140988716e-08,8.097184993890156e-08,2.1349450091326474e-07,5.629104677069493e-07,1.4841983905842526e-06,3.913313020428116e-06,1.0318040292325017e-05,2.7205070209894828e-05,7.173027281894162e-05,0.000189127688294236,0.0004986636893157929,0.0013148020645986855,260.20000000000005,260.3,260.40000000000003,260.6,261.1,262.0,263.8,267.40000000000003,274.5,288.20000000000005,314.3,360.40000000000003,430.6,516.9,604.7,686.2,1000.0,1000.0,1000.0,1000.0,260.20000000000005,260.3,260.40000000000003,260.5,260.90000000000003,261.6,263.0,265.90000000000003,271.40000000000003,281.90000000000003,301.0,333.20000000000005,381.70000000000005,446.1,521.2,600.6,679.6,1000.0,1000.0,1000.0,37.64355024436457,21.356249999999996,,
0,0.0,3.404636686142875e-09,1.0766406533579315e-08,3.4046366861428745e-08,1.0766406533579315e-07,3.404636686142875e-07,1.0766406533579315e-06,3.4046366861428753e-06,1.0766406533579317e-05,3.4046366861428753e-05,0.00010766406533579318,0.0003404636686142876,0.0010766406533579318,0.003404636686142876,0.010766406533579319,,,,,,1.0,0.9998038526673895,0.9994239352615065,0.9983130901001225,0.9950606240046233,0.9856231805054346,0.958901810719918,0.888168068374678,0.7299999103971356,0.47873521714154127,0.2356862621539324,0.09085012308872498,0.029785996168571055,0.007961488901071042,0.0,,,,,,0.9481788273361275,5.2873277587947806e-05,-82.11,33540.0,0.02325,0.9370499999999999,9950000.0,3.4046366861428794e-09,7.484728262863386e-09,1.6454371591810646e-08,3.6173169549085005e-08,7.952283002275768e-08,1.7482240493875583e-07,3.8432828987378716e-07,8.449044872083504e-07,1.8574318136695957e-06,4.083364444934197e-06,8.976838378368961e-06,1.9734615501031237e-05,4.3384433645590855e-05,9.537602000152069e-05,0.00020967394124908576,0.0004609456510999736,0.0010133395309032235,0.0022277181755392074,0.004897399260842304,0.010766406533579319,260.20000000000005,260.3,260.3,260.5,260.8,261.6,263.1,266.3,272.90000000000003,286.6,313.8,363.8,441.5,535.5,628.5,713.1,1000.0,1000.0,1000.0,1000.0,260.20000000000005,260.20000000000005,260.3,260.40000000000003,260.70000000000005,261.3,262.5,265.0,270.20000000000005,280.70000000000005,300.6,335.3,388.70000000000005,459.8,541.8000000000001,627.0,1000.0,1000.0,1000.0,1000.0,39.11456729915338,22.131249999999987,,
0,0.0,8.544178854076624e-09,2.701906591472957e-08,8.544178854076625e-08,2.701906591472957e-07,8.544178854076623e-07,2.701906591472957e-06,8.544178854076624e-06,2.7019065914729573e-05,8.544178854076625e-05,0.00027019065914729573,0.0008544178854076626,0.002701906591472958,0.008544178854076627,0.027019065914729582,,,,,,1.0,0.9998243952638594,0.9994588641837179,0.9983166570377384,0.9947616107982469,0.9838207381337248,0.951152103970821,0.8618399002581407,0.6665554021142983,0.38973124481923554,0.16729179265567945,0.05711161015530518,0.017961035593214773,0.004267705443067462,0.0,,,,,,0.9978906028242659,5.5233556999549116e-05,-82.11,33540.0,0.02325,0.9900249999999999,9950000.0,8.544178854076639e-09,1.87834599833667e-08,4.1293420347632327e-08,9.077915173861539e-08,1.9956821985212637e-07,4.387293074694477e-07,9.644992843812768e-07,2.1203481366167378e-06,4.661357756567089e-06,1.02474946257543e-05,2.252801685451407e-05,4.9525426646409477e-05,0.00010887633387123513,0.00023935293201759957,0.0005261917262311261,0.0011567760228386658,0.0025430479049886783,0.005590617820031756,0.012290373118156329,0.027019065914729575,260.20000000000005,260.20000000000005,260.3,260.5,260.90000000000003,261.70000000000005,263.5,267.40000000000003,275.90000000000003,293.90000000000003,330.5,396.1,488.9,589.3000000000001,682.8000000000001,1000.0,1000.0,1000.0,1000.0,1000.0,260.20000000000005,260.20000000000005,260.3,260.40000000000003,260.70000000000005,261.40000000000003,262.8,266.0,272.6,286.20000000000005,312.3,356.90000000000003,422.6,504.5,593.5,682.4000000000001,1000.0,1000.0,1000.0,1000.0,37.861035379397656,20.76666666666667,,
0,0.0,1.3225996868557106e-06,4.182427443089507e-06,1.3225996868557104e-05,4.1824274430895073e-05,0.00013225996868557104,0.0004182427443089507,0.0013225996868557106,0.004182427443089508,0.013225996868557107,0.041824274430895085,0.1322599686855711,,,,,,,,,1.0,0.9999377454556386,0.9996766517060269,0.9983176224777591,0.9913047083934975,0.9563253646975869,0.8080399957725614,0.44708985173278604,0.13169097166507576,0.026667111123519015,0.004126869694944282,0.0,,,,,,,,,1.442682489560091,5.656943485979478e-05,-82.11,33540.0,0.02325,1.4344000000000001,9950000.0,1.322599686855711e-06,2.4242997141595406e-06,4.443694613331021e-06,8.145206511065768e-06,1.4930006420530299e-05,2.736641378143648e-05,5.0162108586031956e-05,9.194617745287877e-05,0.000168535569705903,0.00030892244836007557,0.0005662488889871477,0.0010379232910437389,0.0019024933718068955,0.0034872336530086005,0.006392032020130496,0.011716471395922487,0.021476066067745898,0.03936521484674127,0.07215567949185128,0.1322599686855711,260.20000000000005,260.20000000000005,260.20000000000005,260.3,260.5,261.0,262.20000000000005,265.1,271.8,287.5,322.6,391.90000000000003,495.20000000000005,606.5,707.9000000000001,1000.0,1000.0,1000.0,1000.0,1000.0,260.20000000000005,260.20000000000005,260.20000000000005,260.3,260.5,260.90000000000003,261.8,264.1,269.40000000000003,281.40000000000003,306.8,353.90000000000003,426.8,519.2,618.7,1000.0,1000.0,1000.0,1000.0,1000.0,38.29209666062524,20.58,,
0,0.0,4.846352670270907e-08,1.5325512782495063e-07,4.846352670270907e-07,1.5325512782495063e-06,4.846352670270907e-06,1.532551278249506e-05,4.8463526702709076e-05,0.00015325512782495064,0.00048463526702709084,0.0015325512782495066,0.004846352670270909,0.015325512782495068,0.0484635267027091,,,,,,,1.0,0.9998689813970022,0.999528252375685,0.998316783410477,0.9940058944204092,0.9788799864917133,0.9283523143296216,0.7837677713637261,0.5032953578885592,0.21885112577328536,0.06929663403002646,0.01930648236546404,0.004074022068923209,0.0,,,,,,,1.1161178847089117,5.572258875691856e-05,-82.11,33540.0,0.02325,1.1081999999999999,9950000.0,4.8463526702709026e-08,1.0027772864569875e-07,2.0748846702851074e-07,4.293222885208221e-07,8.883270962497842e-07,1.8380714233365518e-06,3.8032235778345237e-06,7.869394735891054e-06,1.6282864323356445e-05,3.369149464108223e-05,6.971235457153812e-05,0.0001442444875681461,0.0002984617622181397,0.0006175585979621804,0.001277814012363406,0.002643973633563209,0.005470746530669077,0.01131972997873401,0.023422084366935252,0.048463526702709106,260.20000000000005,260.20000000000005,260.3,260.40000000000003,260.8,261.5,263.1,266.8,274.90000000000003,292.70000000000005,329.70000000000005,397.5,494.0,597.5,693.0,1000.0,1000.0,1000.0,1000.0,1000.0,260.20000000000005,260.20000000000005,260.3,260.40000000000003,260.6,261.20000000000005,262.6,265.5,271.90000000000003,285.3,311.70000000000005,357.8,426.20000000000005,511.5,603.6,695.0,1000.0,1000.0,1000.0,1000.0,38.25451607326904,20.90666666666666,,
